comment_id	abstract_id	annotator	score	comment
[1]	1	Dey,  Gautam	conclusions_nounchange_1  	
[2]	1	Jessica  Polka	context_nounchange_1	
[3]	1	Mate  Palfy	Context_nounchange_1+  	
[4]	1	jonathon coates	Context_effect-_1	
[5]	1	Jessica  Polka	Conclusion_stat-_1	
[6]	1	Mate  Palfy	Conclusions_stat-_1	
[7]	1	jonathon coates	Conclusion_effect-_1	
[8]	2	Dey,  Gautam		no  significant  changes
[9]	2	Jessica  Polka	Context_added_1-	makes  current  finding  seem  less  ground-breaking
[10]	2	jonathon coates	Context_added_1+  	
[11]	2	Mate  Palfy	Context_added  	
[12]	2	jonathon coates	Results_removed_1-	less  specific
[13]	2	Mate  Palfy	Results_added_1+  	
[14]	2	jonathon coates	Results_stat-_1	
[15]	2	Jessica  Polka	Results_stat-_1-	significance  removed,  g  factor  replaced  with  “tests”
[16]	2	Mate  Palfy	Results_removed_1	
[17]	2	Jessica  Polka	Results_nounchange_1-	Changed  from  individuals  with  impairment  to  individuals  with  impairment  who  use  medication
[18]	2	Jessica  Polka		greatest  ->  strongest,  not  meaningful  change
[19]	2	jonathon coates	Resuts_stat+_1+  	
[20]	2	Jessica  Polka	Results_stat+_1+  	positive  false  discovery  rate  reduced
[21]	2	Mate  Palfy	Results_stat-_1	
[22]	2	Mate  Palfy	Results_removed_1	
[23]	2	Mate  Palfy	Conclusions_stat+_1+  	
[24]	2	jonathon coates	Conclusion_added_1  	reconciled
[25]	2	Jessica  Polka	Conclusion_stat+_1+  	
[26]	2	Jessica  Polka	Conclusions_stat-1	
[27]	2	jonathon coates	Conclusion_added_1   	
[28]	2	Mate  Palfy	Conclusions_effect-_1	
[29]	2	Mate  Palfy	Conclusions_effect+_1+  	
[30]	2	Jessica  Polka	Conclusions_effect-_1	
[31]	2	Jessica  Polka	Conclusion_effect+_1+  	
[32]	3	Mate  Palfy	Context_added    	
[33]	3	Jessica  Polka	Context_added_1  	
[34]	3	Jessica  Polka	Context_nounchange_1  	
[35]	3	Mate  Palfy	Context_removed  	
[36]	3	jonathon coates	Context_removed_1  	
[37]	3	Jessica  Polka	Conclusion_stat-_1	
[38]	3	Jessica  Polka	Context_removed_1  	
[39]	3	jonathon coates	Context_added_1+  	
[40]	3	Dey,  Gautam	results_statinfo_1+  	
[41]	3	Jessica  Polka	Context_added_1  	
[42]	3	Dey,  Gautam	results_removed_2  	
[43]	3	Jessica  Polka	Results_removed_1-	replication  removed?
[44]	3	jonathon coates	Results_removed_1  	reconciled
[45]	3	Mate  Palfy	Results_removed_1  	
[46]	4	Dey,  Gautam	context_added_1+  	
[47]	4	Mate  Palfy	Context_added  	
[48]	4	Mate  Palfy	Context_removed  	
[49]	4	Mate  Palfy	Context_added  	methods
[50]	4	Mate  Palfy	Context_added  	
[51]	4	Jessica  Polka	Results_removed_1  	reconciled
[52]	4	jonathon coates	Results_removed_1	
[53]	4	Mate  Palfy	Results_removed_1	
[54]	4	Mate  Palfy	Conclusions_added_1  	didn’t  score  as  2  because  of  ‘likely’
[55]	4	Jessica  Polka		text  added  but  seems  more  like  a  firmer  statement  of  the  statement  in  following  sentence
[56]	4	Dey,  Gautam	context_added_1+    	
[57]	4	Mate  Palfy		rearrangement
[58]	4	jonathon coates	Results_removed_1	
[59]	4	Dey,  Gautam	results_added_1+  	
[60]	4	jonathon coates	Results_added_1  	reconciled
[61]	4	Mate  Palfy	Results_added_1  	
[62]	4	jonathon coates	Results_stat+_1  	reconciled
[63]	4	Jessica  Polka	Results_stat+_1+     	
[64]	4	Dey,  Gautam	conclusion_added_1+  	
[65]	4	Jessica  Polka	Conclusions_added_1+  	
[66]	4	jonathon coates	Conclusion_added_1  	reconciled
[67]	6	Dey,  Gautam		no  significant  changes
[68]	7	Jessica  Polka	Context_removed_1  	
[69]	7	Jessica  Polka	Context_removed_1+  	
[70]	7	Jessica  Polka	Context_nounchange_1  	
[71]	7	Jessica  Polka	Context_stat-_1	
[72]	7	Jessica  Polka	Context_removed_1	
[73]	7	Jessica  Polka	Results_effect+_1+  	
[74]	7	Dey,  Gautam	results_stat+_1+  	
[75]	7	Dey,  Gautam	results_statinfo_1  	
[76]	7	Jessica  Polka	Results_effect+_1+  	
[77]	7	jonathon coates	Results_stat+_1+  	
[78]	7	Dey,  Gautam	results_statinfo_1  	
[79]	7	Dey,  Gautam	results_stat+_1+  	
[80]	7	Mate  Palfy	Numbers  have  been  combined  but  no  change  in  result    	
[81]	7	Jessica  Polka	Results_stat+_1+  	
[82]	7	Mate  Palfy	Results_effect-_1	
[83]	7	jonathon coates	Results_stat-_1-	not  sure  if  99.8%  really  is  different  from  “all”
[84]	7	jonathon coates	Results_stat-_1	
[85]	7	Mate  Palfy	Results_effect+_1+  	
[86]	7	Jessica  Polka	Results_stat+_1+  	
[87]	7	Dey,  Gautam	results_stat+_1+  	
[88]	7	Jessica  Polka	Context_removed_1  	
[89]	7	Mate  Palfy	Results_statinfo_1+  	
[90]	7	Jessica  Polka	Results_added_1+  	
[91]	7	jonathon coates	Results_stat+_1+  	
[92]	8	jonathon coates	Results_effect-_1	
[93]	8	jonathon coates	Conclusion_effect-_1  	reconciled
[94]	8	Dey,  Gautam	results_effect-_1  	
[95]	8	Mate  Palfy	Conclusions_effect-_1  	
[96]	8	Jessica  Polka	Conclusions_stat-_1	
[97]	8	Dey,  Gautam	conclusions_effect-_1	
[98]	8	jonathon coates	conclusion_effect+_1+	
[99]	8	Jessica  Polka	Conclusions_stat-_1   	
[100]	9	Jessica  Polka	context_nounchange_1  	
[101]	9	Dey,  Gautam	conclusions_added_2  	reconciled,  premise  of  study  but  racial  disparities  not  noted  elsewhere
[102]	9	Jessica  Polka	Results_added_1+    	
[103]	9	jonathon coates	Conclusion_added_2    	
[104]	10	Dey,  Gautam	context_nounchange_1  	
[105]	10	Jessica  Polka	Conclusions_removed_1	
[106]	10	Mate  Palfy	Results_removed_1  	
[107]	10	Jessica  Polka	Results_removed_1	
[108]	10	jonathon coates	Results_effect-_1	
[109]	10	Jessica  Polka	Conclusions_stat-_1-	I  wonder  if  this  should  be  something  like  “caveat”
[110]	10	Dey,  Gautam	conclusion_nounchange_1	
[111]	10	Mate  Palfy	Results_added_1  	
[112]	10	Jessica  Polka	Results_added_1	
[113]	10	jonathon coates	Results_added_1+  	
[114]	10	Jessica  Polka	Conclusions_removed_1    	
[115]	11	Jessica  Polka	Context_removed_1  	
[116]	11	Mate  Palfy	Context_removed  	
[117]	11	Jessica  Polka	Context_stat-_1	
[118]	11	Mate  Palfy	Context_stat-_1	
[119]	11	Dey,  Gautam	context_removed_1  	
[120]	11	Mate  Palfy	Context_removed_1	
[121]	11	Mate  Palfy	Context_removed_1	
[122]	11	Jessica  Polka	Results_added_1+  	
[123]	11	Mate  Palfy	Context_removed_0  	detail  removed,  but  doesn’t  change  abstract  in  any  significant  way,  so  probably  not  necessary  to  annotate
[124]	11	Mate  Palfy	Context_removed_1   	
[125]	11	Mate  Palfy	Context_removed_1    	
[126]	11	Mate  Palfy	Context_removed_1    	
[127]	11	jonathon coates	Context_removed_1   	
[128]	11	jonathon coates	Results_stat+_1+  	
[129]	11	Dey,  Gautam	results_added_1+  	
[130]	11	Mate  Palfy	Results_statinfo_1+  	
[131]	11	jonathon coates	Conclusion_added_1+  	
[132]	11	jonathon coates	Conclusion_stat+_1+  	priority
[133]	11	Mate  Palfy	conclusion_added_1  	
[134]	11	Jessica  Polka	Conclusion_stat-_1-	strong  ->  clear
[135]	11	Jessica  Polka	Conclusion_removed_1+  	
[136]	11	jonathon coates	Conclusion_removed_1	
[137]	11	Mate  Palfy	conclusions_removed_1+  	
[138]	11	Dey,  Gautam	conclusion_effect-_1  	reconciled
[139]	12	Jessica  Polka	Context_removed_1	
[140]	12	Mate  Palfy	Context_nounchange_1+    	
[141]	12	Jessica  Polka	Context_stat-_1-	scoring  as  stat  because  the  change  reflects  less  certainty
[142]	12	Mate  Palfy	Results_stat-_1	
[143]	12	Dey,  Gautam	conclusion_added_1  	reconciled
[144]	12	Mate  Palfy		information  is  repeated  –  probably  due  to  defined  abstract  format  of  journal
[145]	12	Jessica  Polka	Conclusions_added_1+    	
[146]	12	Mate  Palfy	Conclusions_added_1+    	
[147]	12	Mate  Palfy	Conclusions_added_1   	
[148]	12	jonathon coates	Conclusion_added_1  	reconciled
[149]	13	Jessica  Polka	Results_removed_1-	no  longer  implies  the  authors  conducted  the  sequencing  and  genotyping
[150]	13	Mate  Palfy	Context_nounchange_1  	clarification,  so  doesn’t  effect  conclusion  of  paper
[151]	13	Jessica  Polka		Would  have  scored  this  Results_stat-_1-but  it’s  not  a  sample  size  decrease  as  original  abstract  mentioned  included  patients  –  this  is  a  rearrangement
[152]	13	Mate  Palfy	Context_stat- 	
[153]	13	Dey,  Gautam	results_added_1+  	number  of  samples  increased
[154]	13	Jessica  Polka	Context_added_1  	explicitly  states  quality  control  happened
[155]	13	Jessica  Polka	Context_added_1  	makes  it  clear  antidepressants  are  the  pharmacological  treatments
[156]	13	Mate  Palfy	Context_removed_1    	
[157]	13	Jessica  Polka	Context_removed_1  	now  seems  that  all  variants  are  considered,  not  only  rare  ones
[158]	13	Mate  Palfy	Context_removed_1  	
[159]	13	Jessica  Polka		the  revised  abstract  contains  more  specific  details  about  the  performance  of  models  in  different  cases,  leading  to  both  softening  and  strengthening
[160]	13	Mate  Palfy	Results_added_1	
[161]	13	jonathon coates	Results_stat-_1	
[162]	13	Dey,  Gautam	conclusion_added_1+  	
[163]	13	jonathon coates	Results_added_1  	reconciled
[164]	13	Mate  Palfy	Results_added_1+  	
[165]	13	Jessica  Polka	Results_added_1+  	
[166]	13	Jessica  Polka	Results_removed_1   	
[167]	14	Dey,  Gautam		no  significant  change
[168]	14	jonathon coates		no  change  to  conclusions  but  the  formatting  changes  definitely  make  this  a  better  abstract
[169]	14	Mate  Palfy	Context_added  	
[170]	14	Jessica  Polka	Context_effect-_1    	
[171]	14	Mate  Palfy	Context_stat-_1-	softening  of  statement,  but  of  course  this  doesn’t  affect  conclusion  of  the  paper
[172]	14	Mate  Palfy	Context_added  	
[173]	14	Jessica  Polka	Context_stat-_1  	studies  limited  ->  studies  contradictory
[174]	14	Mate  Palfy	Context_added    	
[175]	14	Jessica  Polka	Context_nounchange_1  	makes  clear  this  is  in  the  African  context
[176]	14	Jessica  Polka	Results_nounchange_1+  	improves  clarity,  might  consider  scoring  this  0,  original  text  might  mean  severity  of  symptoms
[177]	15	jonathon coates		again,  doesn’t  affect  the  conclusions  but  much  more  understandable
[178]	15	Jessica  Polka		acronym  defined,  but  I  don’t  think  this  is  significant  enough  to  soften  or  strengthen  conclusions  of  the  paper
[179]	15	Mate  Palfy	Results_statinfo_1	
[180]	16	Jessica  Polka	Context_removed_1  	
[181]	16	Mate  Palfy	Context_removed  	
[182]	16	Dey,  Gautam	context_nounchange_1  	
[183]	16	Jessica  Polka	Context_added_1+  	
[184]	16	Mate  Palfy	Context_added  	
[185]	16	Jessica  Polka	Results_nounchange_1+  	
[186]	16	Mate  Palfy	Context_added  	
[187]	16	Jessica  Polka	Context_removed_1  	
[188]	16	Jessica  Polka	Result_added_1+  	
[189]	16	Mate  Palfy	Results_added_1+  	
[190]	16	Jessica  Polka		not  scoring  -changed  from  “no  connectivity  changes  between  groups”  to  “connectivity  of  primary  groups  did  not  differ”
[191]	16	Dey,  Gautam		confusing,  because  significant  text  changes,  but  no  apparent  changes  in  conclusions  or  results
[192]	16	jonathon coates	Results_stat-_1	
[193]	16	Mate  Palfy	Context_removed  	this  is  referring  to  method  while  stating  the  result
[194]	16	Jessica  Polka	Results_effectreverse_0  	It’s  actually  unclear  what  “altered”  means  here,  so  change  does  not  seem  significant
[195]	16	jonathon coates	Results_stat-_1   	
[196]	16	jonathon coates	Results_added_1+  	
[197]	16	Jessica  Polka	Results_added_1+  	
[198]	17	Mate  Palfy		‘Reduced/increased’  is  changed  to  ‘Associated  with  lower/higher  risk’  throughout  the  abstract,  but  I  didn’t  score  this
[199]	17	Jessica  Polka	Context_stat-_1-	causality  not  implied
[200]	17	Jessica  Polka	Results_stat-_1-	increased  ->  associated  with  a  higher
[201]	17	jonathon coates	Context_stat+_1+  	
[202]	17	Dey,  Gautam	context_added_1+  	
[203]	17	Mate  Palfy	Context_added_1+  	
[204]	17	jonathon coates	Results_stat+_1+  	
[205]	17	Jessica  Polka	Results_stat-_1-	causality
[206]	17	Jessica  Polka	Results_stat-_1-	causality
[207]	17	Jessica  Polka	Results_stat-_1-	causality
[208]	17	Jessica  Polka	Results_stat-_1-	causality
[209]	18	Dey,  Gautam		no  significant  change
[210]	19	Dey,  Gautam		this  one  appears  to  be  a  registered  report  of  some  type?
[211]	19	jonathon coates		the  authors  don’t  actually  make  any  conclusions  here
[212]	19	Dey,  Gautam	context_removed_1     	
[213]	19	Jessica  Polka	Context  removed_1  	
[214]	19	Jessica  Polka	Context_added_1  	
[215]	19	Jessica  Polka	Context_removed_1  	reconciled
[216]	19	Dey,  Gautam	context_removed_1  	
[217]	19	Jessica  Polka	Context_added_1  	
[218]	19	Jessica  Polka	Context_added_1  	
[219]	19	Jessica  Polka	Context_removed_1  	
[220]	19	Jessica  Polka	Context_added_1    	
[221]	19	Dey,  Gautam	context_added_1    	
[222]	19	Mate  Palfy	Context_added  	I  didn’t  annotate  separately  the  individual  additions  and  removals
[223]	19	Jessica  Polka	Context_added_1    	
[224]	19	Jessica  Polka	Countext_nounchange_1-	less  comprehensive
[225]	19	Mate  Palfy	Context_added_0  	change  is  from  ‘all  available’  to  specifying  which  ones
[226]	19	Mate  Palfy	Conclusions_added_1+  	
[227]	19	Jessica  Polka	Context_added_1+  	
[228]	19	Dey,  Gautam		confusing  change  to  future  tense
[229]	19	Jessica  Polka	Context_added_1  	elaboration  of  ‘drug  therapy’
[230]	19	Jessica  Polka	Context_removed_1  	
[231]	19	Jessica  Polka	Context_nounchange_1	
[232]	20	Jessica  Polka	Conclusions_stat+_1+  	more  prescriptive  verb
[233]	20	Jessica  Polka	Conclusions_added_1+  	
[234]	20	Mate  Palfy	Conclusions_added_1   	
[235]	20	jonathon coates	Conclusion_added_1  	reconciled,  follows  from  above
[236]	20	Dey,  Gautam	conclusion_added_1+  	
[237]	21	Dey,  Gautam		no  significant  changes
[238]	21	Jessica  Polka		rearrangement
[239]	21	Jessica  Polka		rearrangement
[240]	21	jonathon coates		not  sure  if  important  or  not,  would  be  minor  if  important
[241]	22	Dey,  Gautam		no  significant  changes
[242]	23	Dey,  Gautam		no  significant  changes
[243]	24	jonathon coates		individual  changes  are  not  major  but  I  think  overall  this  is  a  major  change
[244]	24	Dey,  Gautam	context_removed_1  	
[245]	24	Jessica  Polka	Conclusion_nounchange_1-	rearrangement  with  sentence  below:  neuromuscular  disease->  CdLS
[246]	24	Jessica  Polka	Conclusion_removed_1+  	concern  removed
[247]	24	Mate  Palfy	Conclusions_removed_1   	
[248]	24	Jessica  Polka	Conclusion_effect+_1+  	rearrangement:  boost->highly  suitable
[249]	24	Jessica  Polka	Context_added_1  	
[250]	24	Mate  Palfy	Results_statinfo_1+  	
[251]	24	Mate  Palfy	Results_statinfo_1+  	
[252]	24	Dey,  Gautam	context_added_1  	reconciled
[253]	24	Jessica  Polka	Results_nounchange_1  	
[254]	24	Jessica  Polka		rearrangement
[255]	24	jonathon coates	Results_stat-_1	
[256]	24	Jessica  Polka	Conclusions_removed_1	
[257]	24	jonathon coates	Results_effect-_1	
[258]	24	Mate  Palfy	Results_removed_1	
[259]	24	Dey,  Gautam	conclusions_added_1+  	
[260]	24	Dey,  Gautam	results_removed_1	
[261]	24	jonathon coates	Conclusion_aded_1+  	
[262]	24	Jessica  Polka	Results_nounchange_1+  	the  NIPBL  variant  is  now  a  splicing  variant
[263]	24	Mate  Palfy	Conclusions_added_1+  	
[264]	24	Dey,  Gautam	results_added_1+	
[265]	24	jonathon coates	Conclusion_effect+_1+  	
[266]	25	Dey,  Gautam		no  significant  change
[267]	26	Jessica  Polka	Context_effect-_1	
[268]	26	Mate  Palfy	Context_removed  	
[269]	26	Jessica  Polka		definition  of  C-statistics
[270]	26	Jessica  Polka	Results_stat+_1+  	
[271]	26	jonathon coates	Results_stat+_1+  	
[272]	26	Jessica  Polka	Resuls_effect+_1+  	
[273]	26	Mate  Palfy	Results_effectt+_1+  	
[274]	26	jonathon coates	Results_stat-_1	
[275]	26	Jessica  Polka	Results_effect-_1	
[276]	26	Mate  Palfy	Results_effect-_1	
[277]	26	Jessica  Polka	Results_effect-_1	
[278]	26	jonathon coates	Results_stat-_1	
[279]	26	Mate  Palfy	Results_effect-_1  	
[280]	26	jonathon coates	Results_stat-_1	
[281]	26	Mate  Palfy	Results_stat-_1  	
[282]	26	jonathon coates	Results_stat-_1	
[283]	26	Jessica  Polka	Results_stat-_1	
[284]	26	Dey,  Gautam	results_statinfo_1+  	
[285]	26	jonathon coates	Conclusion_added_2  	
[286]	26	jonathon coates	Conclusion_added_1+  	
[287]	26	Mate  Palfy	Conclusions_added_1+  	
[288]	26	Jessica  Polka	Conclusions_added_2  	reconciled
[289]	27	Dey,  Gautam		no  significant  changes
[290]	28	Dey,  Gautam		no  significant  changes
[291]	28	Jessica  Polka	Context_added_1  	
[292]	28	Jessica  Polka	Context_removed_1  	
[293]	29	Jessica  Polka	Results_statinfo_1  	
[294]	29	jonathon coates	Results_stat+_1+  	
[295]	29	Dey,  Gautam	results_statinfo_1+  	
[296]	29	Mate  Palfy	Results_statinfo_1  	
[297]	29	jonathon coates	Results_stat+_1+  	
[298]	29	Jessica  Polka	Results_statinfo_1  	
[299]	29	Dey,  Gautam	results_statinfo_1+    	
[300]	29	Mate  Palfy	Results_statinfo_1  	
[301]	29	jonathon coates	Results_stat+_1+  	
[302]	29	Mate  Palfy	Results_statinfo_1  	
[303]	29	Dey,  Gautam	results_statinfo_1+  	
[304]	29	jonathon coates	Results_stat+_1+  	
[305]	29	Jessica  Polka	Results_statinfo_1  	
[306]	29	Dey,  Gautam	results_statinfo_1+  	
[307]	29	Mate  Palfy	Results_statinfo_1  	
[308]	29	Jessica  Polka	Results_statinfo_1  	
[309]	29	jonathon coates	Results_stat+_1+  	
[310]	29	Mate  Palfy	Results_statinfo_1  	
[311]	29	Dey,  Gautam	results_statinfo_1+  	
[312]	30	Dey,  Gautam		no  significant  changes
[313]	30	jonathon coates	Results_nounchange_1+  	
[314]	30	Jessica  Polka	Context_added_1  	
[315]	30	Jessica  Polka		this  section  was  repetitive
[316]	30	Mate  Palfy		super  vague,  so  I  wouldn’t  score  it  as  a  conclusion  removed
[317]	30	jonathon coates	Conclusion_removed_1  	reconciled
[318]	31	Jessica  Polka	Results_nounchange_1  	reconciled
[319]	31	Mate  Palfy	Results_nounchange_1    	
[320]	31	Dey,  Gautam	results_nounchange_1+    	
[321]	32	Dey,  Gautam		no  significant  changes
[322]	32	Jessica  Polka	Context_nouchange_1  	
[323]	33	Dey,  Gautam		no  significant  changes
[324]	34	Dey,  Gautam	context_added_1+  	
[325]	34	Jessica  Polka	Context_stat-_1	
[326]	34	jonathon coates	Results_stat+_1+  	
[327]	34	Dey,  Gautam	results_stat+_1+  	
[328]	34	jonathon coates	Results_stat-_1-	assuming  a  lower  F  score  is  weaker?
[329]	34	Mate  Palfy	Results_stat-_1	
[330]	35	Jessica  Polka	Context_nounchange_1  	
[331]	35	jonathon coates	Results_added_1+  	
[332]	35	Dey,  Gautam	Context_added_1+  	
[333]	36	Jessica  Polka	Context_added_1  	
[334]	36	jonathon coates	Results_statinfo_1+  	
[335]	36	Dey,  Gautam	context_added_1+  	
[336]	37	jonathon coates	Results_stat+_1+  	
[337]	37	jonathon coates	Results_stat+_1+  	
[338]	37	jonathon coates	Results_stat+_1+  	
[339]	37	Dey,  Gautam	results_stat+_1+  	
[340]	37	Mate  Palfy	Results_stat+_1+  	
[341]	37	Dey,  Gautam	results_stat+_1+  	
[342]	37	Mate  Palfy	Results_stat+_1+  	
[343]	37	jonathon coates	Results_stat+_1+  	
[344]	38	Jessica  Polka	Results_effect+_1+  	
[345]	38	jonathon coates	Results_effect-_1	
[346]	38	Mate  Palfy	Results_stat-_1	
[347]	38	jonathon coates	Results_effect-_1	
[348]	38	Jessica  Polka	Results_stat-_1	
[349]	38	Dey,  Gautam	conclusions_added_1+  	
[350]	38	Jessica  Polka	Results_added_1+  	more  specificity
[351]	38	Mate  Palfy	Results_added_1+  	specifies  ‘other’
[352]	39	jonathon coates		lots  of  small  changes  leading  to  a  big  change
[353]	39	Jessica  Polka	Context_removed_1  	
[354]	39	Jessica  Polka	Context_removed_1  	
[355]	39	Jessica  Polka	Result_effect-_1  	since  threshold  is  increasing
[356]	39	Jessica  Polka	Context_removed_1    	
[357]	39	Jessica  Polka	Context_removed_1  	
[358]	39	Jessica  Polka	Context_removed_1  	
[359]	39	Jessica  Polka	Context_removed_1  	
[360]	39	Dey,  Gautam	context_removed_1	
[361]	39	Jessica  Polka	Context_stat+_1  	
[362]	39	jonathon coates	Results_stat+_1+  	
[363]	39	Dey,  Gautam	results_added_1+  	
[364]	39	jonathon coates	Results_stat+_1+  	
[365]	39	Mate  Palfy	Results_added_1+  	
[366]	39	jonathon coates	results_stat+_1+    	
[367]	39	Mate  Palfy	Results_added_1+  	
[368]	39	jonathon coates	resuts_stat-_1	
[369]	39	Mate  Palfy	Results_stat-_1	
[370]	39	Jessica  Polka	Results_nounchange_1  	adolescent  motherhood  ->  under  20
[371]	39	Jessica  Polka	Results_effect+_1+  	see  removed  text  below
[372]	39	jonathon coates	results_stat+_1+  	
[373]	39	Jessica  Polka	Results_removed_1  	reconciled
[374]	39	Jessica  Polka	Results_removed_1  	reconciled
[375]	39	Jessica  Polka	Results_added_1+  	
[376]	39	Jessica  Polka	Results_statinfo_1+  	
[377]	39	Mate  Palfy	Results_statinfo_1+  	
[378]	39	Jessica  Polka	Results_effect-_1-	from  OR  0.28
[379]	39	Dey,  Gautam	results_statinfo_1+  	
[380]	39	jonathon coates	results_stat+_1+  	
[381]	39	jonathon coates	results_stat+_1+  	
[382]	39	Dey,  Gautam	results_removed_1  	
[383]	39	Jessica  Polka	Results_added_1+  	association  between  stunting  and  dev  risk
[384]	39	Mate  Palfy	Conclusion_added_1+  	
[385]	39	jonathon coates	conclusion_added_1  	reconciled
[386]	39	Jessica  Polka	Results_added_1+  	this  factor  is  rare
[387]	39	Mate  Palfy	Conclusions_added_1+  	
[388]	39	Jessica  Polka	Conclusions_removed_1-	less  prescriptive
[389]	39	Dey,  Gautam	conclusion_added_1+  	
[390]	40	Mate  Palfy	Results_stat+_1+  	
[391]	40	jonathon coates	context_stat+_1+  	increase  in  sample  size
[392]	40	Mate  Palfy	Results_added_1+  	
[393]	40	Mate  Palfy	Results_statinfo_1+  	
[394]	40	jonathon coates	results_stat-_1	
[395]	40	Jessica  Polka	Results_statinfo_1  	
[396]	40	Jessica  Polka	Results_added_1+  	
[397]	40	Mate  Palfy	Reslts_effect-_1	
[398]	40	Jessica  Polka	Results_effect-_1	
[399]	40	jonathon coates	results_stat+_1+  	
[400]	40	Mate  Palfy	Results_added_1+  	
[401]	40	Jessica  Polka	Results_added_1+  	
[402]	40	jonathon coates	results_stat+_1+  	
[403]	40	Jessica  Polka	Results_statinfo_1  	
[404]	40	Dey,  Gautam	results_statinfo_1  	reporting  of  decimal  places  adjusted
[405]	40	Mate  Palfy	Results_added_1+  	
[406]	40	jonathon coates	results_stat+_1+  	
[407]	40	Jessica  Polka	Results_added_1  	reconciled
[408]	40	Mate  Palfy	Results_added_statinfo_1+  	
[409]	40	Mate  Palfy	Results_effect-_1	
[410]	40	jonathon coates		stats  have  just  been  rounded
[411]	40	Mate  Palfy	Results_stat+_1+  	
[412]	40	Jessica  Polka	Results_effect-_1	
[413]	40	jonathon coates	Results_stat-_1	
[414]	40	Jessica  Polka	Results_stat+_1+  	because  CI  are  getting  smaller
[415]	40	jonathon coates	Results_stat+_1+  	
[416]	40	jonathon coates	Results_stat-_1	
[417]	40	Jessica  Polka	Results_effect-_1	
[418]	40	jonathon coates	Results_stat-_1	
[419]	40	Jessica  Polka	Results_stat+_1+  	
[420]	40	Jessica  Polka	Results_effect-_1	
[421]	40	jonathon coates	Results_stat-_1	
[422]	40	Jessica  Polka	Results_stat+_1+  	
[423]	41	jonathon coates	Context_stat+_1+  	
[424]	41	Mate  Palfy	Results_statinfo_1  	
[425]	41	jonathon coates	Context_stat+_1+  	
[426]	41	Jessica  Polka	Results_statinfo_1+  	
[427]	41	Mate  Palfy	Results_statinfo_1  	
[428]	41	Jessica  Polka	Results_statinfo_1+  	
[429]	41	jonathon coates	Context_stat+_1+  	
[430]	41	jonathon coates	results_added_1+  	
[431]	41	Jessica  Polka	Results_statinfo_1+  	
[432]	41	jonathon coates	Context_stat+_1+  	
[433]	41	jonathon coates	Context_stat+_1+  	
[434]	41	Dey,  Gautam	results_statinfo_1  	reconciled
[435]	41	jonathon coates	Results_added_1+  	
[436]	41	Jessica  Polka	Results_effect-_1    	
[437]	41	Jessica  Polka	Results_effect-_1	
[438]	41	Jessica  Polka	Results_effect-_1	
[439]	41	Jessica  Polka	Results_effect_1	
[440]	41	Jessica  Polka	Results_stat-_1-	possibly  considered  a  conclusion
[441]	41	jonathon coates	Conclusion_stat+_1+  	
[442]	42	Dey,  Gautam		no  significant  changes
[443]	42	Jessica  Polka	Context_nounchange_1  	
[444]	42	Jessica  Polka	Context_nounchange_1  	since  numbers  reported  as  a  ratio,  this  doesn’t  change  main  conclusion  of  the  paper
[445]	43	Dey,  Gautam		no  significant  changes
[446]	44	Dey,  Gautam		no  significant  changes  
[447]	45	Jessica  Polka	Commented  [448]  Dey,  Gautam  context_added_1+  	
[448]	45	Dey,  Gautam	Commented  [449]  Mate  Palfy  Context_added  	
[449]	45	Mate  Palfy	Deleted  Jessica  Polka  Dey,  Gautam  Mate  Palfy  publishedabstracts  7/26/2020  4:49:00  PM  7/25/2020  8:04:00  PM  8/6/2020  4:28:00  PM  7/14/2020  8:03:00  AM  	
[450]	46	Dey,  Gautam	results_statinfo_1+  	
[451]	47	Dey,  Gautam		no  significant  changes
[452]	48	Mate  Palfy	Context_nounchange  	
[453]	48	Mate  Palfy	Context_added  	
[454]	48	Dey,  Gautam	Context_nounchange_1  	
[455]	48	Jessica  Polka	Context_nounchange_1  	
[456]	48	Jessica  Polka	Results_stat-_1-	result  is  presented  more  neutrally
[457]	48	Mate  Palfy	Results_statinfo_1  	
[458]	48	Jessica  Polka	Results_statinfo_1  	
[459]	48	Dey,  Gautam	Results_statinfo_1+  	
[460]	48	Mate  Palfy	Results_statinfo_1  	
[461]	48	Jessica  Polka	Results_nounchange_1  	
[462]	48	Mate  Palfy	Results_statinfo_1  	
[463]	48	jonathon coates	Results_stat+_1+  	
[464]	48	jonathon coates	Results_statinfo_1  	
[465]	48	Mate  Palfy	New_results_statinfo  	
[466]	48	Mate  Palfy	Conclusions_added_2  	
[467]	48	Jessica  Polka	Conclusion_added_2  	
[468]	48	jonathon coates	Conclusion_added_2  	
[469]	48	Mate  Palfy	Conclusions_nounchange_1  	
[470]	48	Jessica  Polka	Conclusion_nounchange_1  	reconciled
[471]	48	Dey,  Gautam	conclusion_added_2  	reconciled
[472]	48	Jessica  Polka	Conclusion_nounchange_1-	specific  to  cancer  patients,  not  a  general  finding
[473]	48	Mate  Palfy	Conclusions_nounchange_1	
[474]	49	Mate  Palfy	Context_removed  	
[475]	49	Jessica  Polka	Context_removed_1  	
[476]	49	Dey,  Gautam	context_removed_1  	
[477]	49	jonathon coates	Context_removed_1	
[478]	49	Mate  Palfy	Context_removed  	
[479]	49	Jessica  Polka	Context_nounchage_1  	Detail  removed
[480]	49	Jessica  Polka	Context_nounchange_1  	
[481]	49	Jessica  Polka	Context_removed_1  	
[482]	49	Mate  Palfy	Context_removed  	detail  removed
[483]	49	Jessica  Polka	Context_removed_1  	
[484]	49	Mate  Palfy	Context_removed  	
[485]	49	Mate  Palfy	Conclusions_nounchange_1+  	gives  a  specific  example  of  a  radiation  induced  complication
[486]	49	Jessica  Polka	Results_nounchange_1  	
[487]	49	Jessica  Polka	Conclusion_nounchange_1  	
[488]	50	Dey,  Gautam		no  significant  changes
[489]	51	Dey,  Gautam		no  significant  changes
[490]	53	Dey,  Gautam		weird  formatting  changes
[491]	54	Dey,  Gautam		no  significant  changes
[492]	55	Dey,  Gautam		no  significant  changes
[493]	56	Jessica  Polka	Context_added_1  	
[494]	56	Jessica  Polka	Context_added_1  	
[495]	56	Jessica  Polka	Context_added_1  	
[496]	56	Jessica  Polka	Context_added_1  	
[497]	56	jonathon coates	Context_added_1+  	
[498]	56	Mate  Palfy	Context_statinfo  	
[499]	56	Dey,  Gautam	context_added_1  	
[500]	56	Dey,  Gautam	context_removed_1  	
[501]	56	Jessica  Polka	Context_nounchange_1  	
[502]	56	Jessica  Polka	Context_nounchange_1  	
[503]	56	jonathon coates	Context_added_1+  	
[504]	56	Dey,  Gautam	context_added_1+  	
[505]	56	Mate  Palfy	Context_statinfo  	
[506]	56	Jessica  Polka	Results_statinfo_1+  	
[507]	56	Jessica  Polka	Results_added_1  	reconciled  –  does  not  change  main  conclusion
[508]	56	Mate  Palfy	Results_added_1+  	
[509]	56	Mate  Palfy	Results_added_statinfo_1+  	
[510]	56	Jessica  Polka	Results_nounchange_1  	
[511]	56	jonathon coates	Conclusion_added_1  	reconciled  –  does  not  change  main  conclusion
[512]	56	Dey,  Gautam	results_statinfo_1+  	
[513]	56	Jessica  Polka	Conclusions_nounchange_1     	
[514]	56	Mate  Palfy	Conclusions_nounchange_1+  	
[515]	57	Dey,  Gautam		no  significant  change
[516]	58	Dey,  Gautam		no  significant  change
[517]	59	Jessica  Polka		rearrangement
[518]	59	Dey,  Gautam	context_added_1  	
[519]	59	Jessica  Polka	Context_removed_1  	
[520]	59	Jessica  Polka	Context_removed_1  	
[521]	59	jonathon coates	Context_removed_1-	makes  abstract  clearer  but  removes  some  context
[522]	59	Jessica  Polka	Context_removed_1  	
[523]	59	Jessica  Polka	Context_added_1  	
[524]	59	Mate  Palfy	Results_nounchange_1	
[525]	59	Dey,  Gautam	results_nounchange_1  	not  quite  a  softening,  more  a  rephrasing
[526]	59	jonathon coates	Results_added_1+  	
[527]	59	jonathon coates	Results_added_1+  	
[528]	59	Jessica  Polka	Conclusions_removed_1	
[529]	59	Mate  Palfy	Conclusion_removed_1	
[530]	60	Dey,  Gautam		no  significant  changes
[531]	60	Jessica  Polka	Context_nounchange_1  	
[532]	61	Dey,  Gautam		no  significant  changes
[533]	61	Jessica  Polka		html  encoding
[534]	62	Dey,  Gautam		many  changes,  to  make  the  abstract  more  quantitative  in  on  several  fronts
[535]	62	Mate  Palfy	Look  at  this  more  carefully    	
[536]	62	Jessica  Polka	Context_nounchange_1+  	
[537]	62	Jessica  Polka	Context_added_1  	
[538]	62	Jessica  Polka	Results_stat-_1   	
[539]	62	Dey,  Gautam	Results_nounchange_1  	
[540]	62	Jessica  Polka	Results_stat_1+  	
[541]	62	Dey,  Gautam	results_added_1  	
[542]	62	Jessica  Polka	Results_effect-_1+  	
[543]	62	Mate  Palfy	Results_effect-_1	
[544]	62	jonathon coates	Results_stat-_1	
[545]	62	Jessica  Polka	Results_statinfo_1  	
[546]	62	Jessica  Polka	Results_effect-_1+    	
[547]	62	Jessica  Polka	Results_statinfo_1+    	
[548]	62	Jessica  Polka	Results_nounchange_1  	lowest  coverage  vaccines  has  changed
[549]	62	Jessica  Polka	Results_statinfo_1+  	
[550]	62	Mate  Palfy	Results_effect-_1	
[551]	62	jonathon coates	Results_stat-_1	
[552]	62	Dey,  Gautam	results_added_1  	reconciled
[553]	62	Dey,  Gautam	results_added_1  	reconciled
[554]	62	Jessica  Polka	Result_added_1+  	
[555]	62	jonathon coates	Results_stat-_1	
[556]	62	Mate  Palfy	Results_statinfo_1+  	
[557]	62	Jessica  Polka		repeated  below
[558]	62	Jessica  Polka		repeated  below
[559]	62	Jessica  Polka		rephrased  as  female
[560]	62	jonathon coates	Results_ef  	
[561]	62	Dey,  Gautam	results_added_2  	
[562]	62	Jessica  Polka	Result_nounchange_1+  	urban->specific  areas
[563]	62	Mate  Palfy	Results_added_1+  	
[564]	62	Mate  Palfy	Context_removed_1  	
[565]	62	jonathon coates	Results_stat-_1	
[566]	62	Jessica  Polka	Result_added_1+  	effect  size  information  added
[567]	62	Mate  Palfy	Results_effectreverse_1  	reconciled
[568]	62	jonathon coates	Results_added_1+  	
[569]	62	Jessica  Polka	Conclusion_removed_1	
[570]	62	Jessica  Polka	Conclusion_nounchange_1  	
[571]	62	jonathon coates	Conclusion_statinfo_1+  	
[572]	62	Dey,  Gautam	conclusions_effect+_1  	
[573]	63	Dey,  Gautam		no  significant  changes
[574]	63	Jessica  Polka		no  change
[575]	64	Dey,  Gautam		no  signficant  changes
[576]	65	Jessica  Polka	Context_added_1  	
[577]	65	Dey,  Gautam	Context_removed_1  	
[578]	65	Jessica  Polka	Context_removed_1  	
[579]	65	Jessica  Polka	Context_added_1  	
[580]	65	Jessica  Polka		rearranged
[581]	65	Dey,  Gautam	Context_removed_1  	
[582]	65	Jessica  Polka	Results_nounchange_1  	
[583]	66	Dey,  Gautam	Results_effectreverse_2  	this  is  an  odd  one,  because  there  is  no  context  for  whether  44%  is  high  or  low.  How  could  the  authors  have  interpreted  it  one  way  and  then  another?
[584]	66	Jessica  Polka	Results_effectreverse_2    	
[585]	66	jonathon coates	Results_effect+_1+    	
[586]	66	Mate  Palfy	Conclusions_nounchange_1  	reconciled,  confusing  for  readers,  implies  reversal
[587]	67	Jessica  Polka	Context_added_1  	
[588]	67	Jessica  Polka	Context_added_1  	
[589]	67	Jessica  Polka	Context_removed_1    	
[590]	67	Jessica  Polka		where  else?
[591]	67	Dey,  Gautam	conclusions_removed_1  	
[592]	67	Mate  Palfy	Conclusions_nounchange_1  	
[593]	67	Jessica  Polka	Conclusions_removed_1    	
[594]	67	Mate  Palfy		didn’t  annotate  as  conclusion  removal,  as  ‘Key  points’  sounds  like  a  separate  section  in  the  abstract    
[595]	68	Dey,  Gautam	results_effect-_1  	
[596]	68	jonathon coates	Conclusion_effect+_1+  	
[597]	69	jonathon coates		this  doesn’t  impact  the  conclusions  but  is  most  likely  a  formatting  requirement  for  a  journal  so  I’ve  not  scored  this
[598]	69	Jessica  Polka	Conclusions_removed_1-	these  are  mostly  repeated  above,  but  removed  section  is  firmer  about  valinomycin  as  a  potential  therapeutic
[599]	69	Mate  Palfy	large  chunk  deleted  because  change  of  abstract  structure    	
[600]	70	Jessica  Polka	Context_added_1  	references  added
[601]	70	Jessica  Polka	Context_effect+_1  	
[602]	70	Jessica  Polka	Context_added_1  	references  added
[603]	70	jonathon coates	Context_effect+_1+  	
[604]	70	Jessica  Polka	Context_effect+_1  	
[605]	70	Jessica  Polka	Context_effect+_1  	
[606]	70	jonathon coates	Context_effect+_1+  	
[607]	70	Dey,  Gautam	context_effect+_1  	
[608]	70	Jessica  Polka	Results_effect+_1    	
[609]	70	jonathon coates	Results_effect+_1+  	
[610]	70	Mate  Palfy	results_effect+_1  	
[611]	70	Dey,  Gautam	results_effect+_1  	very  small  change
[612]	70	Jessica  Polka	Resuls_nounchange_1    	
[613]	70	Jessica  Polka	Conclusion_stat-_1	
[614]	71	Dey,  Gautam		no  significant  changes
[615]	72	Jessica  Polka	Context_removed_1  	
[616]	72	Jessica  Polka		rearrangement
[617]	72	Jessica  Polka	Context_removed_1  	
[618]	72	Jessica  Polka	Context_removed_1  	
[619]	72	Dey,  Gautam	context_removed_1  	
[620]	72	Jessica  Polka	Context_removed_1  	
[621]	72	Mate  Palfy	results_statinfo_1	
[622]	72	jonathon coates	Context_removed_1	
[623]	72	jonathon coates	Results_added_1+  	
[624]	72	jonathon coates	Results_stat+_1+  	
[625]	72	jonathon coates	Results_stat+_1+  	
[626]	72	Mate  Palfy	Results_added_1+  	
[627]	72	Dey,  Gautam	results_added_1  	
[628]	72	jonathon coates	Results_stat+_1+  	
[629]	72	jonathon coates	Results_stat+_1+  	
[630]	72	Mate  Palfy	Results_added_1+  	
[631]	72	Dey,  Gautam	results_added_1  	
[632]	72	Jessica  Polka	Conclusions_added_1+  	
[633]	72	Dey,  Gautam	conclusion_added_1  	reconciled,  clarifies  prognostic/predictive
[634]	72	Mate  Palfy	Conclusions_added_2  	reconciled,  clarifies  prognostic/predictive
[635]	73	jonathon coates		changes  are  significant  but  don’t  change  the  overall  conclusion,  just  soften  the  effect
[636]	73	Jessica  Polka	Context_effect+_1  	
[637]	73	Jessica  Polka	Conclusion_stat-_1	
[638]	73	Dey,  Gautam	results_effect-_1  	
[639]	73	Jessica  Polka	Context_nounchange_1  	
[640]	73	Mate  Palfy	Results_effect-_1  	
[641]	73	Mate  Palfy	Results_stat+_1+  	
[642]	73	jonathon coates	Results_stat-_1	
[643]	73	Mate  Palfy	Results_effect-_1  	
[644]	73	jonathon coates	Results_stat-_1	
[645]	73	Mate  Palfy	Results_stat+_1+  	
[646]	73	Dey,  Gautam	results_effect-_1  	
[647]	73	Dey,  Gautam	results_statinfo_1  	
[648]	73	Jessica  Polka	Results_stat+_1+  	
[649]	73	Dey,  Gautam	results_removed_1  	statement  replaces  quantatitive  range
[650]	73	Jessica  Polka	Results_added_1  	reconciled,  obvious  statement
[651]	73	Dey,  Gautam	results_effect-_1  	reconciled,  number  changes
[652]	73	Mate  Palfy	Results_effect-_1  	
[653]	73	Jessica  Polka	Conclusion_effect-_1  	
[654]	73	jonathon coates	Results_stat-_1	
[655]	74	Dey,  Gautam		no  significant  changes
[656]	74	Jessica  Polka	Conclusion_stat+_1  	
[657]	74	Jessica  Polka		sum  of  numbers  that  follow
[658]	75	Mate  Palfy	Context_effect_1+  	
[659]	75	Jessica  Polka	Context_effect+_1  	
[660]	75	jonathon coates	Context_effect+_1+  	
[661]	75	Jessica  Polka	Context_effect+_1  	
[662]	75	jonathon coates	Context_effect+_1+  	
[663]	75	Mate  Palfy	Context_effect_1+  	
[664]	75	Jessica  Polka	Context_nounchange_1  	
[665]	75	Mate  Palfy	Context_1  	
[666]	75	Dey,  Gautam	context_effect+_1  	standard  COVID  context  change
[667]	75	Jessica  Polka	Context_nounchange_1  	
[668]	75	Jessica  Polka	Context_added_1  	
[669]	75	Mate  Palfy	Context_nounchange_1  	
[670]	75	Mate  Palfy	Context_added_1    	
[671]	75	Jessica  Polka	Context_nounchange_1  	
[672]	75	Jessica  Polka	Results_effect+_  	
[673]	75	Dey,  Gautam	results_effect+_1  	
[674]	75	Mate  Palfy	Results_effect_1+  	
[675]	75	jonathon coates	Results_stat+_1+  	
[676]	75	Jessica  Polka	Results_statinfo_1+  	
[677]	75	Mate  Palfy	Results_statinfo_1  	
[678]	75	Mate  Palfy	results_statinfo_1  	
[679]	75	Jessica  Polka	Results_effect-_1-	marking  this  as  a  decrease  in  effect  since  the  authors  argue  that  surveillance  reduces  transmission  rate,  and  in  revised  abstract  it  isn’t  reduced  as  much
[680]	75	Mate  Palfy	Results_effect_1   	
[681]	75	Dey,  Gautam	results_statinfo_1  	
[682]	75	Dey,  Gautam	Results_statinfo_1+  	
[683]	75	Mate  Palfy	Results_statinfo  	
[684]	75	jonathon coates	Results_stat+_1+  	
[685]	75	Dey,  Gautam	results_effect+_1  	
[686]	76	Mate  Palfy	Context_nounchange_1  	
[687]	76	Jessica  Polka	Context_added_1  	
[688]	76	Jessica  Polka	Context_removed_1  	
[689]	76	Jessica  Polka	Context_removed_1+  	original  text  suggests  coverage  is  not  complete
[690]	76	Jessica  Polka	Context_stat-_1	
[691]	76	Mate  Palfy	Results_effect+_2  	
[692]	76	Jessica  Polka	Results_effect+_1  	
[693]	76	jonathon coates	Results_effect+_1+  	
[694]	76	Dey,  Gautam	results_added_1  	
[695]	76	Jessica  Polka	Result_nounchange_1  	median  ->  mean
[696]	76	Dey,  Gautam	results_statinfo_1  	
[697]	76	Jessica  Polka	Result_nounchange_1  	
[698]	76	jonathon coates	Commented  [699]  Dey,  Gautam  results_effect+_1  	
[699]	76	Dey,  Gautam	Commented  [700]  Jessica  Polka  Result_stat-_1	
[700]	76	Jessica  Polka	jonathon  coates  Dey,  Gautam  Jessica  Polka  publishedabstracts  7/28/2020  1:03:00  PM  8/5/2020  7:44:00  PM  7/27/2020  4:03:00  PM  7/27/2020  12:08:00  PM  	
[701]	76	Jessica  Polka	Result_statinfo_1+  	
[702]	76	jonathon coates	Results_added_1+  	
[703]	76	Dey,  Gautam	results_added_2  	
[704]	76	Mate  Palfy	Results_added_1  	
[705]	76	Dey,  Gautam	conclusions_effect+_2  	
[706]	76	Jessica  Polka	Conclusion_effect+_2  	recommendation  length  changed  substantially
[707]	76	Jessica  Polka	Result_effect-_1  	
[708]	76	Mate  Palfy	Results_effect-_1  	
[709]	76	jonathon coates	Results_added_1+  	
[710]	76	Mate  Palfy	Resuts_added_1  	
[711]	76	Jessica  Polka	Result_statinfo_1+  	
[712]	76	Dey,  Gautam	results_added_2    	
[713]	77	Dey,  Gautam		no  significant  changes
[714]	79	Jessica  Polka	Context_nounchange_1  	
[715]	79	Jessica  Polka	Context_removed_1  	it  seems  that  COVID  abstracts  are  often  edited  to  reflect  rapidly  changing  knowledge  and  conditions
[716]	79	Mate  Palfy	Context_removed_1    	
[717]	79	Mate  Palfy	Results_effect+_1  	
[718]	79	Dey,  Gautam	context_effect+_1  	
[719]	79	Jessica  Polka	Context_added_1  	
[720]	79	Jessica  Polka	Result_effect+_1  	
[721]	79	Mate  Palfy	Results_effect+_1  	
[722]	79	jonathon coates	Results_stat-_1	
[723]	79	Mate  Palfy	Results_statinfo_1  	
[724]	79	Dey,  Gautam	results_effect+_1  	
[725]	79	Jessica  Polka	Result_statinfo_1+  	
[726]	79	Mate  Palfy	Results_statinfo_1  	
[727]	79	Dey,  Gautam	results_statinfo_1  	
[728]	79	Jessica  Polka	Result_effect+_1  	
[729]	79	Dey,  Gautam	results_effect-_1  	
[730]	79	Mate  Palfy	Conclusions_nounchange_1  	
[731]	79	Jessica  Polka	Conclusions_stat-_1	
[732]	80	Jessica  Polka	Context_effect+_1  	
[733]	80	Jessica  Polka	Context_effect+_1  	
[734]	80	Dey,  Gautam	context_effect+_1  	
[735]	80	Jessica  Polka	Concusions_stat-_1	
[736]	80	Mate  Palfy	Conclusions_stat-_1	
[737]	80	Jessica  Polka	Concusions_stat-_1	
[738]	80	Mate  Palfy	Conclusions_stat-_1   	
[739]	80	Dey,  Gautam	conclusion_effect-_1	
[740]	80	Dey,  Gautam	conclusion_effect-_1	
[741]	80	Jessica  Polka	Concusions_stat-_1	
[742]	80	Mate  Palfy	Conclusions_stat-_1	
[743]	81	Jessica  Polka	Context_effect+_1  	
[744]	81	jonathon coates	Context_effect+_1+  	
[745]	81	Dey,  Gautam	context_effect+_1  	
[746]	81	Jessica  Polka	Context_nounchange_1  	
[747]	81	Jessica  Polka	Context_stat+_1  	
[748]	81	Mate  Palfy	Context_added_1  	
[749]	81	Jessica  Polka	Context_added_1  	
[750]	81	jonathon coates	Context_added_1+  	
[751]	81	Dey,  Gautam	context_added_1+  	
[752]	81	Jessica  Polka	Context_added_1  	
[753]	81	Jessica  Polka	Context_nounchange_1  	
[754]	81	jonathon coates	Results_nounchange_1	
[755]	81	Jessica  Polka	Context_added_1  	
[756]	81	Mate  Palfy	Context_added_1  	
[757]	81	Jessica  Polka	Context_added_1  	
[758]	81	Dey,  Gautam	context_added_1+  	
[759]	81	jonathon coates	Context_added_1+  	
[760]	81	Jessica  Polka	Context_added_1  	
[761]	81	Dey,  Gautam	context_added_1+  	
[762]	81	Jessica  Polka	Results_nounchange_1  	
[763]	81	Jessica  Polka	Results_nounchange_2  	fluctuated  ->  declined
[764]	81	Jessica  Polka	Results_removed_1	
[765]	81	jonathon coates	Results_removed_1	
[766]	81	jonathon coates	Results_stat+_1+  	
[767]	81	jonathon coates	Results_stat+_1+    	
[768]	81	Dey,  Gautam	results_added_2  	before  range  provided  with  no  directionality
[769]	81	jonathon coates	Results_added_1+    	
[770]	81	Mate  Palfy	Results_effect-_1    	
[771]	81	Jessica  Polka	Context_added_1  	
[772]	81	Mate  Palfy	results_nounchange_2  	
[773]	81	Dey,  Gautam	context_added_2  	
[774]	81	Dey,  Gautam	results_effect-_1  	3  cases  was  enough  before
[775]	81	Mate  Palfy	Results_effect-_1  	
[776]	81	Jessica  Polka	Results_nounchange_1  	
[777]	81	Jessica  Polka	Results_removed_1  	
[778]	81	Jessica  Polka	Results_added_1  	
[779]	81	Jessica  Polka	Results_removed_1  	increase  before  travel  restriction
[780]	81	Jessica  Polka	Conclusion_added_1+     	
[781]	81	Mate  Palfy	Conclusions_nounchange_2  	from  concluding  cases  increased  until  travel  restrictions  to  concluding  that  they  decreased  after  travel  restrictions
[782]	81	jonathon coates		just  re-wording  of  the  conclusion,  no  change  in  substance
[783]	81	Jessica  Polka	Conclusion_nounchange_1  	
[784]	81	Mate  Palfy	Conclusions_added_1  	
[785]	81	Mate  Palfy	Conclusions_nounchange_1  	
[786]	82	Dey,  Gautam		no  significant  changes
[787]	82	Jessica  Polka	Context_removed_1  	tool  availability
[788]	82	Jessica  Polka	Conclusions_added_1+  	though  this  is  likely  implied  already
[789]	83	Jessica  Polka	Result_stat+_1+  	
[790]	83	Jessica  Polka	Result_added_1+  	
[791]	83	Mate  Palfy	Results_added_1  	
[792]	83	jonathon coates	Results_added_1+  	
[793]	83	Jessica  Polka	Results_stat+_1+  	
[794]	83	Jessica  Polka	Result_added_1+  	
[795]	83	Mate  Palfy	Results_effect+_1  	
[796]	83	Dey,  Gautam	results_effect+_1  	reconciled
[797]	83	Jessica  Polka	Result_effect+_1+  	
[798]	83	Jessica  Polka	Results_stat+_1+  	
[799]	83	Jessica  Polka	Result_added_1+  	how  many  hypervariable  regions
[800]	83	Jessica  Polka	Result_added_1+  	
[801]	83	Dey,  Gautam	results_added_1  	
[802]	83	Mate  Palfy	Results_added_1  	
[803]	83	Jessica  Polka	Conclusions_stat-_1-	to  be  considered  sounds  less  certain  than  previous  text
[804]	83	Dey,  Gautam	conclusion_added_1	
[805]	83	Jessica  Polka	context_added_1+	
[806]	84	Dey,  Gautam	context_added_1+  	
[807]	84	Jessica  Polka	Results_statinfo_1  	
[808]	84	Jessica  Polka	Results_nounchange_1  	
[809]	85	Jessica  Polka		no  change
[810]	86	Jessica  Polka	Context_stat+_1  	implying  that  there  is  a  need  for  this  work
[811]	86	Jessica  Polka	Context_nounchange_1  	the  hospitals  are  in  a  smaller  number  of  provinces
[812]	86	jonathon coates	Context_effect-_1   	
[813]	86	Mate  Palfy	Context_effect-_1    	
[814]	86	Dey,  Gautam	context_removed_1  	
[815]	86	Jessica  Polka	Context_added_1  	
[816]	86	Jessica  Polka	Context_added_1  	
[817]	86	Jessica  Polka	Context_added_1  	
[818]	86	jonathon coates	Context_added_1+  	
[819]	86	jonathon coates	Results_added_1+  	
[820]	86	Mate  Palfy	Results_added_1  	
[821]	86	Jessica  Polka	Result_added_1+  	Other  than  ventilation,  rearrangement  from  deleted  text  below
[822]	86	Dey,  Gautam	context_added_1+  	
[823]	86	Jessica  Polka	Result_effect-_1-	since  authors  claim  this  is  a  low  number,  I’m  scoring  the  increase  as  a  decrease  in  the  reported  effect
[824]	86	Mate  Palfy	Results_effect-_1    	
[825]	86	Jessica  Polka	Context_added_1  	
[826]	86	Jessica  Polka	Result_effect+_1  	from  71.8  to  72.3
[827]	86	Mate  Palfy	Results_effect+_1  	
[828]	86	Mate  Palfy	Results_added_1  	
[829]	86	Jessica  Polka	Result_added_1+  	
[830]	86	Jessica  Polka	Result_effect+_1+  	
[831]	86	Mate  Palfy	Results_effect+_1  	
[832]	86	Dey,  Gautam	results_added_1+     	
[833]	86	jonathon coates		numbers  have  been  rounded  but  content  is  the  same
[834]	86	Mate  Palfy	Results_effect+_1  	
[835]	86	Jessica  Polka	Result_effect+_1+  	
[836]	86	Mate  Palfy	Results_added_1  	
[837]	86	jonathon coates	Results_effect+_1+  	
[838]	86	Jessica  Polka	Result_added_1+  	
[839]	86	Jessica  Polka	Result_effect+_1  	I’m  not  sure  this  changes  the  main  message  of  the  paper  in  one  way  or  another
[840]	86	Mate  Palfy	Results_effect+_1    	
[841]	86	jonathon coates	Results_effect-_1	
[842]	86	Dey,  Gautam	results_statinfo_1+  	
[843]	86	Mate  Palfy	Results_stat+_1  	
[844]	86	Jessica  Polka	Result_statinfo_1+  	
[845]	86	Mate  Palfy	Results_nounchange_1  	
[846]	86	jonathon coates	Results_stat-_1	
[847]	86	Mate  Palfy	Results_effect+_1  	
[848]	86	Jessica  Polka	Result_effect+_1+  	
[849]	86	jonathon coates	Results_added_1+  	
[850]	86	Mate  Palfy	Results_added_1  	
[851]	86	Jessica  Polka	Results_added_1+  	this  is  a  more  precise  statement  of  text  removed  below
[852]	86	Mate  Palfy	Results_effect+_1  	
[853]	86	jonathon coates	Results_effect+_1+  	
[854]	86	Jessica  Polka	Result_effect+_1+  	
[855]	86	Mate  Palfy	Conclusions_added_1  	
[856]	86	Jessica  Polka	Conclusions_added_2    	
[857]	86	Mate  Palfy	Conclusions_added_1  	
[858]	86	Jessica  Polka	Conclusions_added_1+  	
[859]	86	jonathon coates	Conclusion_added_2  	
[860]	86	Mate  Palfy	Results_removed_2    	
[861]	86	Mate  Palfy	Conclusions_removed_2    	
[862]	86	Jessica  Polka	Conclusions_removed_2  	revised  abstract  does  not  talk  about  predicting  outcomes
[863]	86	jonathon coates	Conclusion_removed_2  	reconciled
[864]	86	Jessica  Polka	Context_added_1  	funding  disclosure
[865]	87	Dey,  Gautam		no  significant  changes
[866]	87	Jessica  Polka	Context_added_1  	
[867]	88	Jessica  Polka		Not  sure  whether  to  mark  these  results_removed  as  1-,  as  the  paper  has  been  updated  for  timeliness.
[868]	88	Jessica  Polka	Context_added_1  	
[869]	88	Jessica  Polka	Context_added_1  	
[870]	88	Mate  Palfy	Contex_added  	
[871]	88	Mate  Palfy	Context_added_2  	
[872]	88	Dey,  Gautam	Context_added_1  	
[873]	88	Mate  Palfy	Context_added_2  	
[874]	88	Jessica  Polka	Context_added_1  	
[875]	88	Jessica  Polka	Results_removed_1  	
[876]	88	jonathon coates	Results_removed_1	
[877]	88	Jessica  Polka	Results_removed_1  	
[878]	88	Jessica  Polka	Results_removed_1  	
[879]	88	Jessica  Polka	Results_removed_1  	
[880]	88	Jessica  Polka	Conclusions_removed_1  	
[881]	88	Jessica  Polka	Context_added_1+    	
[882]	88	Jessica  Polka	Context_added_1+  	methods
[883]	88	Mate  Palfy	Results/Context_added  _2  	change  from  scenario  where  outbreak  occurred  in  specific  areas  to  scenario  where  mask  wearing  policies  enforced  in  specific  areas
[884]	88	Jessica  Polka	Results_added_1+    	
[885]	88	Mate  Palfy	Results_effectreverse_3  	preprint  abstract  makes  no  mention  of  end  of  mask  shortage
[886]	88	Mate  Palfy	Results  added  	previously  looked  at  location  of  the  outbreak
[887]	88	Jessica  Polka	Results_added_1+    	
[888]	88	Dey,  Gautam	results_added_2    	
[889]	88	Mate  Palfy	Results_added_2    	
[890]	88	Jessica  Polka	Results_added_1+    	
[891]	88	jonathon coates	Results_effect-_1   	
[892]	88	Mate  Palfy	Context_added_2    	
[893]	88	Jessica  Polka	Results_added_1+    	
[894]	88	Dey,  Gautam	results_added_2  	reconciled
[895]	88	Mate  Palfy	Conclusions_added_2     	
[896]	88	Mate  Palfy	Conclusions_added_2    	
[897]	88	Jessica  Polka	Conclusion_added_2  	argues  against  universal  masking  policy
[898]	88	Mate  Palfy	Conclusions_added_2    	
[899]	88	Jessica  Polka	Conclusions_added_1+    	
[900]	88	Mate  Palfy	Conclusions_added_2    	
[901]	88	Jessica  Polka	Conclusions_added_1+    	
[902]	88	jonathon coates	Conclusion_added_2  	not  sure  if  this  should  be  scored  2  or  1  as  I  feel  the  authors  are  kind  of  saying  the  same  thing  but  less  directly
[903]	88	Mate  Palfy	Conclusions_added_2    	
[904]	88	Jessica  Polka	Conclusion_added_1+    	
[905]	88	Dey,  Gautam	conclusions_added_2    	
[906]	89	Jessica  Polka	Context_removed_1	
[907]	89	Jessica  Polka		reorganization
[908]	89	Jessica  Polka	Context_added_1+  	
[909]	89	Jessica  Polka		see  reorganization  above
[910]	89	Dey,  Gautam	context_added_1+  	
[911]	89	Jessica  Polka		rearranged  from  below
[912]	89	Dey,  Gautam	context_added_1+  	
[913]	89	Mate  Palfy	Context_added  	
[914]	89	Mate  Palfy	Context_nounchange_1+  	
[915]	89	Jessica  Polka	Context_nounchange_1     	
[916]	89	jonathon coates	Context_effect+_1+  	
[917]	89	Mate  Palfy	Context_nounchange_1+  	
[918]	89	jonathon coates	Context_effect+_1+  	
[919]	89	jonathon coates	Context_nounchange_1  	
[920]	89	Mate  Palfy	Context_added  	
[921]	89	Dey,  Gautam	results_effect+_1  	
[922]	89	Mate  Palfy	Context_removed  	
[923]	89	Mate  Palfy	Results_added_1+  	
[924]	89	Mate  Palfy	Results_added_1+  	
[925]	89	Dey,  Gautam	results_effect+_1  	
[926]	89	Mate  Palfy	Results_effect+_1	
[927]	89	Jessica  Polka	Results_effect+_1+  	
[928]	89	Mate  Palfy	Results_effect+_1	
[929]	89	Jessica  Polka	Resutls_effect-_1+  	
[930]	89	Jessica  Polka	Results_stat-_1	
[931]	89	Mate  Palfy	Results_effect+_1+  	
[932]	89	Jessica  Polka	Results_effect+_1	
[933]	89	Mate  Palfy	Results_effect-_1	
[934]	89	Jessica  Polka	Results_effect-_1	
[935]	89	Dey,  Gautam	results_effect+_1  	
[936]	89	jonathon coates	Results_effect-_1	
[937]	89	Jessica  Polka	Results_effect-_1	
[938]	89	Mate  Palfy	Results_nounchange_1	
[939]	89	Mate  Palfy	Conclusion_added_1  	
[940]	89	Jessica  Polka	Conclusions_added_2  	
[941]	89	Mate  Palfy	Conclusion_added_2  	reconciled,  new  last  sentence  added
[942]	89	jonathon coates	Conclusion_added_2  	
[943]	89	Dey,  Gautam	conclusions_added_1  	
[944]	89	Jessica  Polka	Conclusions_added_2  	
[945]	90	Dey,  Gautam		no  significant  changes
[946R945]	90	Jessica  Polka		
[947]	90	Jessica  Polka	Context_stat-_1     	
[948]	90	Jessica  Polka	Results_stat-_1	
[949]	90	Mate  Palfy	Results_stat-_1	
[950]	91	jonathon coates	Context_effect+_1+    	
[951]	91	Mate  Palfy		context  updated
[952]	91	Jessica  Polka	Context_effect+_1  	
[953]	91	Jessica  Polka	Context_effect+_1  	
[954]	91	jonathon coates	Context_effect+_1+  	
[955]	91	Mate  Palfy		context  updated
[956]	91	Dey,  Gautam	context_effect+_1  	
[957]	91	Mate  Palfy	Context_removed_1  	
[958]	91	Mate  Palfy	Context_added_1+  	
[959]	91	Mate  Palfy	Context_added_1  	
[960]	91	Dey,  Gautam	results_removed_1  	
[961]	91	jonathon coates	Results_effect-_1	
[962]	91	jonathon coates	Results_effect+_1+  	
[963]	91	Mate  Palfy	Results_added_1+  	
[964]	91	Jessica  Polka	Results_effect+_1  	
[965]	91	Dey,  Gautam	results_effect-_1  	
[966]	91	jonathon coates	Results_removed_1	
[967]	92	Jessica  Polka	Context_added_1  	
[968]	92	Jessica  Polka	Context_stat-_1  	
[969]	92	Mate  Palfy	Context_stat-_1	
[970]	92	Dey,  Gautam	context_nounchange_1  	
[971]	92	Mate  Palfy	Results_stat-_1	
[972]	92	Jessica  Polka		abstract  revised  to  be  more  agnostic  about  “final”  host
[973]	92	Mate  Palfy	Conclusions_nounchange_1  	
[974]	94	Dey,  Gautam	context_removed_1  	
[975]	94	Mate  Palfy	Context_removed  	
[976]	94	Mate  Palfy		rearrangement
[977]	94	Mate  Palfy	Context_removed  	analysis  method
[978]	94	Jessica  Polka	Context_removed_1-	lack  of  association  repeated  from  below
[979]	94	Mate  Palfy	Results_removed_1-	detail_    
[980]	94	jonathon coates	Results_stat-_1   	
[981]	94	Mate  Palfy	Results_removed_1   	
[982]	94	jonathon coates	Results_stat-_1   	
[983]	94	Mate  Palfy		statinfo  removed
[984]	94	Jessica  Polka	Results_removed_  1+  	scoring  as  positive  because  this  is  the  removal  of  a  non-significant  result
[985]	94	Dey,  Gautam	results_removed_1  	
[986]	95	jonathon coates	Results_statinfo_1+  	
[987]	95	Jessica  Polka	Result_added_1+  	detail  added
[988]	95	Mate  Palfy	Results_added_1  	number
[989]	95	jonathon coates	Results_statinfo_1+  	
[990]	95	Jessica  Polka	Result_added_1+  	detail  added
[991]	95	Mate  Palfy	Results_added_1  	number
[992]	95	Jessica  Polka	Result_added_1+  	detail  added
[993]	95	jonathon coates	Results_statinfo_1+  	
[994]	95	Dey,  Gautam	results_added_1     	
[995]	95	Dey,  Gautam	results_statinfo_1  	
[996]	95	jonathon coates	Results_statinfo_1+  	
[997]	95	Jessica  Polka	Results_added_2  	new  prognostic  factor  identified
[998]	95	Mate  Palfy	Results_added_1+  	
[999]	95	jonathon coates	Results_statinfo_1+  	
[1000]	95	Dey,  Gautam	results_added_1  	
[1001]	95	Mate  Palfy	Results_added_1  	number
[1002]	95	Jessica  Polka	Result_statinfo_1+  	
[1003]	95	jonathon coates	Results_added_1+  	reconciled
[1004]	95	Mate  Palfy	Conclusions_added_2  	
[1005]	95	Jessica  Polka	Conclusion_added_2  	
[1006]	96	Dey,  Gautam		no  significant  changes
[1007]	97	Jessica  Polka	Context_effect+_1  	local  ->  global  effect
[1008]	97	Mate  Palfy	Context_removed  	
[1009]	97	Jessica  Polka	Context_removed_1  	
[1010]	97	Jessica  Polka	Context_nounchange_1  	
[1011]	97	Mate  Palfy	Results_stat+_1+  	
[1012]	97	Jessica  Polka	Conclusions_stat-_1+  	extensively  ->  systematically
[1013]	97	Mate  Palfy	Results_stat+_1+  	
[1014]	97	Jessica  Polka	Context_removed_1  	
[1015]	97	Jessica  Polka	Results_stat-_1	
[1016]	97	Jessica  Polka	Results_stat-_1-	significance  statement  removed
[1017]	97	Mate  Palfy	Results_nounchange_1  	
[1018]	97	Dey,  Gautam	conclusions_effect-_1    	
[1019]	97	Jessica  Polka	Results_stat+_1  	now  claim  to  offer  an  explanation  rather  than  simply  note  consistency
[1020]	97	Mate  Palfy	Conclusions_effect-_1    	
[1021]	97	Jessica  Polka	Results_stat-_1	
[1022]	97	jonathon coates	Results_nounchange_1	
[1023]	97	Dey,  Gautam	conclusion_effect-_1  	
[1024]	97	Mate  Palfy	Results_effect-_1  	
[1025]	97	Jessica  Polka	Results_stat+_1+  	
[1026]	97	jonathon coates	Results_nounchange_1+  	
[1027]	97	Mate  Palfy	Conclusions_effect+_1  	
[1028]	97	jonathon coates	Results_effect+_1+  	
[1029]	97	jonathon coates	Context_stat+_1  	
[1030]	97	Jessica  Polka	Context_removed_1  	
[1031]	97	Mate  Palfy	Conclusions_effect-_1  	
[1032]	97	Jessica  Polka	Results_stat-_1	
[1033]	97	Jessica  Polka	Result_removed_1-	revised  abstract  doesn’t  say  anything  about  mechanical  flexibility
[1034]	97	Jessica  Polka	Result_effect-_1	
[1035]	97	Mate  Palfy	Results_emoved_1  	
[1036]	97	Jessica  Polka	Conclusions_stat-_1-	Present  findings  are  ->  findings  would:  now  about  later  confirmatory  studies
[1037]	98	Dey,  Gautam		no  significant  changes
[1038]	98	Jessica  Polka	Results_stat-_1-	analyze  ->  estimate
[1039]	98	jonathon coates	Results_removed_1+  	
[1040]	98	Mate  Palfy	Results_removed_1	
[1041]	98	Jessica  Polka	Resutls_removed_1	
[1042]	98	jonathon coates	Results_stat+_1+  	
[1043]	99	jonathon coates	Context_effect+_1+  	
[1044]	99	Jessica  Polka	Context_effect+_1  	
[1045]	99	jonathon coates	Context_effect+_1+     	
[1046]	99	Jessica  Polka	Context_effect+_1  	
[1047]	99	Dey,  Gautam	Context_effect+_1  	
[1048]	99	Mate  Palfy	Context  	updated
[1049]	99	Jessica  Polka	Context_removed_1  	
[1050]	99	Mate  Palfy	Context_removed     	
[1051]	99	Jessica  Polka	Result_removed_2  	
[1052]	99	jonathon coates	Results_removed_1	
[1053]	99	Mate  Palfy	Result_removed_2  	reconciled
[1054]	100	Dey,  Gautam		no  significant  changes
[1055]	100	Jessica  Polka	Result_nounchange_1-	no  longer  claiming  there  were  never  any  symptoms
[1056]	101	Mate  Palfy	Context_added    	
[1057]	101	Mate  Palfy	Context_added    	
[1058]	101	jonathon coates	Results_effect-_1   	
[1059]	101	Mate  Palfy	Results_effect-_1  	number  of  asymptomatic  proportion  halved
[1060]	101	jonathon coates	Results_statinfo_1+    	
[1061]	101	Dey,  Gautam	Results_effect-_1  	reconciled,  conclusion  still  the  same
[1062]	102	Jessica  Polka	Context_added_1  	
[1063]	102	jonathon coates	Context_removed_1+  	
[1064]	102	Jessica  Polka	Context_removed_1  	
[1065]	102	Dey,  Gautam	Context_added_1  	
[1066]	104	jonathon coates	Context_added_1+  	
[1067]	104	jonathon coates	Context_added_1+    	
[1068]	104	Dey,  Gautam	Results_nounchange_1  	
[1069]	104	jonathon coates	Results_removed_1	
[1070]	104	Mate  Palfy	Conclusions_nounchange_1	
[1071]	104	jonathon coates	Conclusion_removed_1+  	strengthens  as  I  feel  this  is  a  strange  assertion  to  make  based  on  the  rest  of  the  abstract
[1072]	105	Jessica  Polka	Results_added_1+  	reconciled,  more  detail
[1073]	105	Dey,  Gautam	Results_added_1+  	
[1074]	105	Jessica  Polka	Results_removed_1	
[1075]	105	Mate  Palfy	Results_removed_1	
[1076]	105	jonathon coates	Results_added_1+  	
[1077]	105	Jessica  Polka	Results_added_1+  	
[1078]	105	Mate  Palfy	Results_added_1+  	
[1079]	105	Dey,  Gautam	Conclusion_nounchange_1    	
[1080]	106	jonathon coates		conclusions  don’t  change  but  significantly  weaker  evidence  in  the  published  abstract
[1081]	106	Mate  Palfy	Context_removed_1  	
[1082]	106	Mate  Palfy	Results_removed_1  	
[1083]	106	Mate  Palfy	Results_removed_1  	
[1084]	106	Jessica  Polka		rearranged  above
[1085]	106	Mate  Palfy	Results_removed_1  	
[1086]	106	jonathon coates	Results_removed_1	
[1087]	106	jonathon coates	Results_effect-_1	
[1088]	106	jonathon coates	Results_statinfo_1 	
[1089]	106	jonathon coates	results_statinfo_1	
[1090]	106	Jessica  Polka	Results_nounchange_1  	assume  this  is  translation
[1091]	106	Jessica  Polka	Results_removed_1   	
[1092]	106	jonathon coates	Results_statinfo_1   	
[1093]	106	jonathon coates	Results_removed_1   	
[1094]	106	Mate  Palfy	Results_removed_1    	
[1095]	106	Jessica  Polka	Result_effect-_1-	down  from  50
[1096]	106	jonathon coates	Results_effect-_1	
[1097]	106	Jessica  Polka	Result_nounchange_1+  	difference  between  groups  now  more  pronounced
[1098]	106	jonathon coates	Results_effect-_1   	
[1099]	106	Mate  Palfy	Results_effect-_1    	
[1100]	106	Jessica  Polka	Result_stat+_1+    	
[1101]	106	Mate  Palfy	Results_added_1    	
[1102]	106	Dey,  Gautam	Results_stat-_1    	
[1103]	106	Mate  Palfy	Results_statinfo_1  	
[1104]	106	Jessica  Polka	Results_added_1+  	also  31%  below
[1105]	106	jonathon coates	Results_statinfo_1+  	
[1106]	106	Mate  Palfy	Results_statinfo_1  	
[1107]	106	Mate  Palfy	Results_statinfo_1  	
[1108]	106	Mate  Palfy	Results_statinfo_1  	
[1109]	106	Jessica  Polka	Results_added_1+  	
[1110]	106	jonathon coates	Results_added_1+    	
[1111]	106	Jessica  Polka	Result_statinfo_1+  	
[1112]	106	Dey,  Gautam	Results_stat-_1  	
[1113]	106	Mate  Palfy	Conclusions_statinfo_1  	
[1114]	106	jonathon coates	Results_effect+_1+  	
[1115]	106	Jessica  Polka	Conclusion_added_1+  	
[1116]	106	Dey,  Gautam	Conclusion_added_1  	
[1117]	106	Jessica  Polka	Conclusions_added_1+  	
[1118]	106	Jessica  Polka	Conclusion_added_1+  	
[1119]	106	Mate  Palfy	Conclusion  _added_1  	
[1120]	106	Dey,  Gautam	Conclusion_nounchange_1  	
[1121]	107	Dey,  Gautam		no  significant  changes
[1122]	107	jonathon coates	Context_added_1+    	
[1123]	107	Jessica  Polka	Context_added_1  	
[1124]	107	Mate  Palfy	Context_added  	reflects  changed  circumstances
[1125]	108	Mate  Palfy	Results_removed_1	
[1126]	108	jonathon coates	Results_effect-_1	
[1127]	108	Jessica  Polka	Result_removed_1    	
[1128]	108	Jessica  Polka	Result_effect-_1	
[1129]	108	Jessica  Polka	Result_removed_1	
[1130]	108	Jessica  Polka	Result_removed_1	
[1131]	108	jonathon coates	Results_effect+_1+  	
[1132]	108	Dey,  Gautam	Results_effect-_1  	
[1133]	108	Mate  Palfy	Results_effect-_1-	instead  of  3  only  1  compound  shows  antiviral  activity  
[1134]	108	Mate  Palfy	Results_stat-_1	
[1135]	108	Jessica  Polka	Result_stat-_1	
[1136]	108	Jessica  Polka	Conclusions_stat-_1	
[1137]	108	jonathon coates		softer  wording  but  not  scored
[1138]	108	Dey,  Gautam	Conclusion_effect-_1  	
[1139]	108	Dey,  Gautam	Results_stat-_1	
[1140]	109	Dey,  Gautam	Context_added_1  	
[1141]	109	Jessica  Polka	Results_effect-_1	
[1142]	109	Dey,  Gautam	Context_added_1+  	
[1143]	109	Jessica  Polka	Results_effect+_1+  	specific  period  in  March
[1144]	109	Dey,  Gautam	Conclusion_effect-_1  	
[1145]	109	jonathon coates	Results_added_1	
[1146]	109	Mate  Palfy	Results_stat-_1	
[1147]	109	jonathon coates	Conclusion_added_1+  	
[1148]	109	Jessica  Polka	Context_added_1  	
[1149]	110	jonathon coates	Context_effect+_1+     	
[1150]	110	jonathon coates	Context_effect+_1+  	
[1151]	110	Dey,  Gautam	Context_effect+_1  	
[1152]	110	Jessica  Polka	Results_added_1+  	
[1153]	110	jonathon coates	Results_added_1+     	
[1154]	110	Mate  Palfy	Results_added_1+  	
[1155]	110	Mate  Palfy	Results_added_1+  	
[1156]	110	Dey,  Gautam	Results_added_2  	reconciled,  sex  difference  added
[1157]	110	Dey,  Gautam	Conclusion_added_1  	
[1158]	110	Mate  Palfy		Conclusion_added_1+
[1159]	110	jonathon coates	Results_added_1+  	
[1160]	110	Jessica  Polka	Results_added_2+  	
[1161]	110	jonathon coates	Results_added_1+  	
[1162]	110	Dey,  Gautam	Results_added_1  	
[1163]	110	Mate  Palfy	Results_added_2    	
[1164]	110	Jessica  Polka	Results_added_1+  	
[1165]	111	jonathon coates	Context_effect+_1+  	
[1166]	111	Jessica  Polka	Conclusions_added_2    	
[1167]	111	jonathon coates	Conclusion_added_1+    	
[1168]	111	Mate  Palfy	Conclusions_added_2  	reconciled,  potential  for  dysfunction/abortion  added
[1169]	111	Dey,  Gautam	Conclusion_effect-_1    	
[1170]	111	Jessica  Polka	Conclusions_stat-_1   	
[1171]	112	Dey,  Gautam	Context_added_1  	
[1172]	112	Jessica  Polka	Result_removed_2    	
[1173]	112	Mate  Palfy	Results_removed_2  	reconciled,  nurses  split  into  two  groups,  extensive  changes  in  statistics
[1174]	112	jonathon coates	Results_statinfo_1   	
[1175]	112	jonathon coates	Results_statinfo_1   	
[1176]	112	Mate  Palfy	Results_removed_1   	
[1177]	112	Jessica  Polka	Result_removed_1-	seems  like  this  could  be  misleading  since  the  group  includes  front  line  and  non-front  line
[1178]	112	jonathon coates	Results_statinfo_1	
[1179]	112	jonathon coates	Results_statinfo_1	
[1180]	112	Dey,  Gautam	Results_statinfo_2  	ranges  replaced  with  p-values,  odd  choice  to  remove  the  original  data
[1181]	112	jonathon coates	Results_removed_1	
[1182]	112	Jessica  Polka	Result_removed_1	
[1183]	113	Dey,  Gautam	Context_added_1  	
[1184]	113	Mate  Palfy	Context_added  	
[1185]	113	Mate  Palfy	Results_removed_1	
[1186]	113	Jessica  Polka	Context_removed_1  	detail?
[1187]	113	Mate  Palfy	Results_effect+_1+  	
[1188]	113	Jessica  Polka	Results_stat+_1-	“modestly”  removed
[1189]	113	Mate  Palfy	Results_removed_1  	
[1190]	113	Jessica  Polka	Conclusions_added_1  	reconciled,  evolving  situation  over  time
[1191]	113	Dey,  Gautam	Conclusion_added_1  	
[1192]	114	Mate  Palfy	Results_added_1+  	
[1193]	114	Dey,  Gautam	Results_added_1  	
[1194]	114	jonathon coates	Results_added_1+  	
[1195]	114	jonathon coates	Results_added_1+    	
[1196]	114	Dey,  Gautam	Results_added_1  	
[1197]	115	Dey,  Gautam		no  significant  changes
[1198]	116	Jessica  Polka	Results_stat-_1-	this  sentence  seems  to  have  been  edited  for  clarity,  and  this  qualification  seems  like  the  only  significant  change
[1199]	116	Dey,  Gautam	Conclusion_added_1  	original  had  no  interpretation  for  the  negative  result
[1200]	117	Dey,  Gautam		no  significant  changes
[1201]	117	Mate  Palfy	Results_added_1+  	
[1202]	118	Dey,  Gautam		no  significant  changes
[1203]	119	Jessica  Polka	Results_effect+_1  	doubling
[1204]	119	Jessica  Polka	Results_effect-_1  	half
[1205]	119	Mate  Palfy	Results_effect+_1     	
[1206]	119	jonathon coates	Results_stat-_1	
[1207]	119	Dey,  Gautam	Results_effect+_1  	
[1208]	119	Jessica  Polka	Conclusions_effect+_1  	
[1209]	119	jonathon coates	Results_stat-_1	
[1210]	119	Jessica  Polka	Conclusions_effect-_1  	
[1211]	119	Mate  Palfy	Results_effect+_1  	
[1212]	119	jonathon coates	Results_statinfo_1+  	
[1213]	120	Dey,  Gautam		no  significant  changes
[1214]	120	Jessica  Polka	Conclusion_added_1+  	
[1215]	120	Jessica  Polka	Conclusion_added_1+     	
[1216]	120	jonathon coates	Conclusion_added_1  	reconciled,  possible  journal  requirement
[1217]	121	Dey,  Gautam	Context_added_1  	
[1218]	121	Mate  Palfy	Context_added     	
[1219]	121	jonathon coates	Results_removed_1	
[1220]	122	Jessica  Polka	Context_stat-_1	
[1221]	122	Jessica  Polka	Context_added_1  	
[1222]	122	Dey,  Gautam	Context_added_1  	
[1223]	122	Mate  Palfy	Context_added_1+  	addition  to  methods
[1224]	122	Jessica  Polka	Context_added_1  	
[1225]	122	Jessica  Polka	Result_nounchange_1+  	now  suggests  intention  to  determine  cutoff  value
[1226]	122	Jessica  Polka	Result_statinfo_1+  	
[1227]	122	jonathon coates	Results_statinfo_1+  	
[1228]	122	Dey,  Gautam	Results_added_1  	
[1229]	122	jonathon coates	Results_statinfo_1+  	
[1230]	122	Jessica  Polka	Result_stat+_1+  	
[1231]	122	Mate  Palfy	Results_statinfo_1+  	
[1232]	122	jonathon coates	Results_added_1+  	
[1233]	122	Mate  Palfy	Results_added_1+  	
[1234]	122	Jessica  Polka	Conclusion_stat-_1	
[1235]	122	Dey,  Gautam	Conclusion_effect-_1  	
[1236]	122	jonathon coates	Conclusion_effect-_1	
[1237]	123	Mate  Palfy		Completely  changed  abstract,  I  stopped  annotating  it  at  some  point
[1238]	123	Jessica  Polka		main  conclusion
[1239]	123	Jessica  Polka		conclusion  about  contact  tracing
[1240]	123	Jessica  Polka	Results_added_1+  	
[1241]	123	jonathon coates	Context_effect+_1+  	
[1242]	123	Jessica  Polka	Results_added_1+  	
[1243]	123	Jessica  Polka	Result_statinfo_1+  	
[1244]	123	Mate  Palfy	Results_added_1+  	
[1245]	123	Jessica  Polka	Context_added_1+  	
[1246]	123	Mate  Palfy	Results_added_1+  	
[1247]	123	Jessica  Polka	Results_added_1+  	
[1248]	123	Dey,  Gautam	Results_added_2    	
[1249]	123	Mate  Palfy	Results_added_1+  	
[1250]	123	Jessica  Polka	Results_stat-_1	
[1251]	123	Mate  Palfy	Conclusions_added_2  	
[1252]	123	Jessica  Polka	Context_added_1+  	
[1253]	123	jonathon coates	Results_added_1+  	
[1254]	123	Mate  Palfy	Concusions_added_1+  	
[1255]	123	Jessica  Polka	Results_added_1+  	
[1256]	123	Jessica  Polka	Results_added_1+  	
[1257]	123	Jessica  Polka	Conclusion_added_2  	much  more  specific  to  mobile  phone  app
[1258]	123	Jessica  Polka	Conclusions_stat-_1	
[1259]	123	Jessica  Polka	Results_added_1+  	
[1260]	123	jonathon coates		same  conclusion  but  written  much  better  here
[1261]	123	Jessica  Polka	Conclusion_added_2  	
[1262]	123	jonathon coates	Conclusion_added_2  	
[1263]	123	Dey,  Gautam	Conclusions_added_2  	
[1264]	124	jonathon coates	Context_effect_1+  	
[1265]	124	Dey,  Gautam	Context_effect+_1  	
[1266]	124	jonathon coates	Conclusion_effect+_1+    	
[1267]	124	Jessica  Polka	Conclusions_stat+_1+  	
[1268]	125	Jessica  Polka	Conclusions_stat+_1+  	now  asserts  they  developed  the  assay  as  well
[1269]	125	Dey,  Gautam	Results_effect+_1  	
[1270]	126	Jessica  Polka		reconciled
[1271]	126	Mate  Palfy	Results_removed_2  	
[1272]	126	Dey,  Gautam	Results_removed_2  	was  this  a  formatting/abstract  copying  problem?
[1273]	126	jonathon coates	Conclusion_removed_2  	
[1274]	127	Dey,  Gautam	Results_effect+_1  	
[1275]	129	Dey,  Gautam		only  readability  changes
[1276]	129	Jessica  Polka	Context_removed_1	
[1277]	129	Jessica  Polka	Conclusions_removed_1	
[1278]	129	Mate  Palfy	Context_removed  	
[1279]	129	jonathon coates	Context_removed_1	
[1280]	129	Mate  Palfy	Results_removed_1	
[1281]	129	jonathon coates	Results_added_1+  	
[1282]	130	Jessica  Polka	Results_effect-_1-	constant  rather  than  decaying
[1283]	130	Dey,  Gautam	Results_removed_1  	
[1284]	130	Jessica  Polka	Result_added_1+    	
[1285]	130	jonathon coates	Results_effect+_1+  	
[1286]	130	Jessica  Polka	Result_added_1+  	
[1287]	130	jonathon coates	Results_effect+_1+  	
[1288]	130	Jessica  Polka	Conclusion_removed_1-	reconciled
[1289]	131	jonathon coates	Results_statinfo_1+  	
[1290]	131	Dey,  Gautam	Results_removed_1  	
[1291]	131	Mate  Palfy	Results_statinfo_1+  	change  to  use  of  a  different  type  of  value
[1292]	131	Jessica  Polka	Result_statinfo_1+  	
[1293]	131	Dey,  Gautam	Results_added_1  	
[1294]	132	Jessica  Polka		reconciled
[1295]	132	jonathon coates	Results_effect-_1	
[1296]	132	Jessica  Polka	Results_removed_1	
[1297]	132	Jessica  Polka	Results_remove_1	
[1298]	132	jonathon coates	Results_effect-_1	
[1299]	132	Jessica  Polka	Results_stat+_1+  	model  agrees  with  data
[1300]	132	jonathon coates	Results_effect-_1	
[1301]	132	Jessica  Polka	Conclusions_removed_2  	no  longer  prescribing  actions  to  other  countries
[1302]	132	Mate  Palfy	Results_added_1+  	change  to  a  more  general  statement  about  what  the  model  can  do    
[1303]	132	Dey,  Gautam	Results_removed_2  	
[1304]	132	Jessica  Polka	Results_stat-_1-	hypothetical
[1305]	132	jonathon coates	Conclusion_added_1+  	
[1306]	132	Jessica  Polka	Results_removed_1-	timescale  removed
[1307]	132	Dey,  Gautam	Conclusion_added_2  	
[1308]	133	jonathon coates	Context_added_1+  	
[1309]	133	jonathon coates	Results_effect-_1+  	
[1310]	133	Jessica  Polka	Results_stat-_1	
[1311]	133	jonathon coates	Results_added_1+  	
[1312]	133	Jessica  Polka	Results_added_1+  	
[1313]	133	jonathon coates	Results_added_1+  	
[1314]	133	Jessica  Polka	Results_added_1+  	may  not  have  changed  results  but  data  is  broken  down  more
[1315]	133	jonathon coates	Results_stat+_1+  	
[1316]	133	Dey,  Gautam	Results_removed_1  	Uber  driver  biases
[1317]	133	Jessica  Polka	Results_added_1+  	
[1318]	133	jonathon coates	Results_stat-_1	
[1319]	133	Jessica  Polka	Results_added_1+  	
[1320]	133	jonathon coates	Results_stat-_1	
[1321]	133	jonathon coates	Results_removed_1	
[1322]	133	Jessica  Polka	Results_removed_1	
[1323]	133	Jessica  Polka	Results_added_1+  	
[1324]	133	Dey,  Gautam	Results_effect+_1  	
[1325]	133	jonathon coates	Results_stat+_1+  	
[1326]	133	Jessica  Polka	Result_stat-_1	
[1327]	133	Jessica  Polka	Conclusion_stat+_1+  	suggests  useful  in  non-covid  outbreaks
[1328]	134	Dey,  Gautam		no  significant  changes
[1329]	134	jonathon coates	Context_effect+_1+  	
[1330]	134	Jessica  Polka	Result_nounchange_1+  	now  whole  protein
[1331]	134	Jessica  Polka	Result_added_1+  	
[1332]	134	Mate  Palfy	Results_statinfo_1+  	
[1333]	134	jonathon coates	Results_added_1+  	
[1334]	134	Jessica  Polka	Result_statinfo_1+  	
[1335]	134	Jessica  Polka	Results_added_1+  	
[1336]	134	Mate  Palfy	Results_added_1+  	
[1337]	134	Jessica  Polka	Result_added_1+  	
[1338]	135	Dey,  Gautam	Results_nounchange_1  	
[1339]	135	Jessica  Polka	Results_remove_1	
[1340]	136	Dey,  Gautam		no  significant  changes
[1341]	137	jonathon coates	Conclusions_added_1+  	
[1342]	137	Dey,  Gautam	Conclusion_nounchange_1  	
[1343]	137	Mate  Palfy		Sentence  made  more  precise
[1344]	137	Jessica  Polka	Conclusions_added_1+  	clarity  improved
[1345]	138	Dey,  Gautam	Results_statinfo_1  	super  odd  removal  of  one  decimal  place  just  on  one  end  of  the  range.  Might  be  that  the  range  shifted  to  3.70
[1346]	139	Dey,  Gautam	Context_effect-_1  	
[1347]	139	jonathon coates	Results_effect+_1+  	
[1348]	139	Mate  Palfy	Results_removed_1	
[1349]	139	Dey,  Gautam	Conclusion_effect-_1  	
[1350]	140	Dey,  Gautam	Results_statinfo_1  	
[1351]	140	jonathon coates	Results_added_1+  	
[1352]	140	Dey,  Gautam	Context_added_1  	
[1353]	143	Dey,  Gautam		no  significant  changes
[1354]	143	Jessica  Polka	Conclusion_stat-_1	
[1355]	143	jonathon coates	Conclusion_nounchange_1	
[1356]	144	Dey,  Gautam		no  significant  changes
[1357]	144	jonathon coates	Results_added_1+  	
[1358]	144	Mate  Palfy	Conclusions_stat-_1	
[1359]	144	Jessica  Polka	Conclusion_stat-_1	
[1360]	144	jonathon coates	Conclusion_effect-_1	
[1361]	145	Dey,  Gautam		no  significant  changes
[1362]	146	Dey,  Gautam		no  signficant  changes
[1363]	147	Dey,  Gautam		no  significant  changes
[1364]	147	jonathon coates	Results_added_1+  	
[1365]	148	Jessica  Polka		reconciled
[1366]	148	Dey,  Gautam	Context_effect-_1  	
[1367]	148	Dey,  Gautam	Results_added_2  	
[1368]	148	jonathon coates	Results_added_1+  	
[1369]	148	jonathon coates	Results_effect+_1+  	
[1370]	148	Dey,  Gautam	Results_effect+_2  	
[1371]	148	Mate  Palfy	Results_effect+_1  	
[1372]	148	Jessica  Polka	Results_effect+_1+  	tighter  peak  reported
[1373]	148	Jessica  Polka	Results_effect+_1+  	
[1374]	148	jonathon coates	Results_effect+_1+  	
[1375]	148	Dey,  Gautam	Results_effect+_2  	
[1376]	149	Dey,  Gautam	Context_effect+_1  	
[1377]	150	Dey,  Gautam	Context_added_1  	
[1378]	151	Jessica  Polka		reconciled
[1379]	151	Jessica  Polka	Context_effect+_1+  	date  updated
[1380]	151	Dey,  Gautam	Context_effect+_1  	
[1381]	151	Mate  Palfy		date  updated
[1382]	151	Jessica  Polka	Results_stat+_1+  	
[1383]	151	jonathon coates	Results_effect+_1+  	
[1384]	151	jonathon coates	Results_effect+_1+  	
[1385]	151	Dey,  Gautam	context_effect+_1+  	
[1386]	151	Mate  Palfy	Results_stat+_1+  	
[1387]	151	Jessica  Polka	Results_stat+_1+  	
[1388]	151	Mate  Palfy	Results_stat+_1+  	this  kind  of  goes  with  the  previous  one,  as  it’s  a  result  of  looking  at  larger  number  of  studies    
[1389]	151	Jessica  Polka	Results_effect+_1+    	
[1390]	151	Mate  Palfy	Results_stat+_1+  	goes  with  previous  one
[1391]	151	jonathon coates	Results_effect+_1+  	
[1392]	151	Jessica  Polka	Results_effect+_1+  	
[1393]	151	Mate  Palfy	Results_added_1+  	
[1394]	151	Jessica  Polka	Results_nounchange_1+  	
[1395]	151	Mate  Palfy	Results_added_1+  	
[1396]	151	Jessica  Polka	Results_added_1+  	
[1397]	151	Mate  Palfy	Resuts_added_1+  	
[1398]	151	Jessica  Polka	Results_removed_1	
[1399]	151	Mate  Palfy	Results_removed_1  	
[1400]	151	Mate  Palfy	Results_removed_1  	
[1401]	151	Jessica  Polka	Results_removed_1	
[1402]	151	Mate  Palfy	Results_removed_1  	
[1403]	151	Mate  Palfy	Results_removed_1  	
[1404]	151	Mate  Palfy	Results_added_1  	
[1405]	151	Mate  Palfy	Results_added_1  	
[1406]	151	Jessica  Polka	Results_added_1+  	
[1407]	151	Mate  Palfy	Results_stat-_1	
[1408]	151	jonathon coates	Results_effect-_1-	bigger  range,  less  confidence  in  result
[1409]	151	Mate  Palfy	Results_stat-_1	
[1410]	151	Dey,  Gautam	results_effect+_1  	
[1411]	151	jonathon coates	Results_effect-_1	
[1412]	151	Jessica  Polka	Results_stat-_1	
[1413]	151	Jessica  Polka	Results_stat-_1	
[1414]	151	jonathon coates	Results_added_1	
[1415]	151	Dey,  Gautam	conclusion_added_1  	
[1416]	151	jonathon coates	Conclusion_removed_1	
[1417]	151	Jessica  Polka	Conclusions_added_1+  	
[1418]	151	Dey,  Gautam	conclusion_added_1  	
[1419]	151	Dey,  Gautam	conclusion_added_2  	
[1420]	151	Jessica  Polka	Conclusions_added_1+  	
[1421]	151	Mate  Palfy	Conclusion_added_1+  	
[1422]	151	Mate  Palfy	Conclusion_added_1+  	
[1423]	151	jonathon coates	Commented  [1424]  Jessica  Polka  Conculsion_added_1+  	
[1424]	151	Jessica  Polka	Commented  [1425]  Dey,  Gautam  	no  significant  changes
[1425]	152	Dey,  Gautam		
[1426]	154	Dey,  Gautam		no  significant  changes
[1427]	155	jonathon coates	Context_added_1+  	
[1428]	155	Mate  Palfy		context_added
[1429]	155	Jessica  Polka	Context_nounchange_1  	
[1430]	155	Dey,  Gautam	Context_added_1  	
[1431]	155	jonathon coates	Results_statinfo_1+  	
[1432]	155	jonathon coates	Results_statinfo_1+  	
[1433]	155	Jessica  Polka	Result_effect-_1  	largely  changes  in  sig  figs,  except  middle
[1434]	155	jonathon coates	Results_statinfo_1+  	
[1435]	155	Dey,  Gautam	Results_statinfo_1+  	
[1436]	155	Jessica  Polka	Conclusion_added_1+  	
[1437]	155	jonathon coates	Conclusion_added_1  	reconciled
[1438]	155	Mate  Palfy		general  sentence,  not  really  a  conclusion  from  the  results
[1439]	159	Dey,  Gautam		no  significant  changes
[1440]	159	Jessica  Polka		stylistic  changes
[1441]	159	Mate  Palfy		This  is  a  review  article,  should  it  be  taken  out?
[1442]	160	Dey,  Gautam	Context_added_1     	
[1443]	160	Mate  Palfy	Context_added  	
[1444]	160	Jessica  Polka	Context_added_1+  	
[1445]	160	Dey,  Gautam	Conclusion_effect-_1  	
[1446]	160	Mate  Palfy	Conclusions_stat-_1	
[1447]	160	Mate  Palfy		Details  were  removed  from  the  abstract  but  this  doesn’t  weaken  the  conclusion
[1448]	160	Mate  Palfy	Results_removed_1	
[1449]	160	Jessica  Polka	Context_removed_1    	
[1450]	160	Mate  Palfy	Context_removed_1	
[1451]	160	Mate  Palfy	Context_removed_1-	I  annotated  context  because  this  relates  to  methods
[1452]	160	Jessica  Polka	Results_nounchange_1  	still  all  pools
[1453]	160	Dey,  Gautam	Results_effect+_1  	21  to  25
[1454]	160	jonathon coates	Results_effect+_1+  	
[1455]	160	jonathon coates	Conclusion_nounchange_1+  	
[1456]	160	Jessica  Polka	Conclusion_stat+_1+  	
[1457]	160	Mate  Palfy	Conclusions_stat+_1+  	
[1458]	161	jonathon coates	Results_added_1+  	
[1459]	161	Jessica  Polka	Context_added_1+  	
[1460]	163	Dey,  Gautam	Context_added_1  	
[1461]	163	jonathon coates	Context_added_1+  	
[1462]	163	Jessica  Polka		not  significant  change
[1463]	163	jonathon coates	Results_stat+_1+  	
[1464]	163	Jessica  Polka	Conclusion_removed_1	
[1465]	163	Mate  Palfy	Conclusions_removed_1	
[1466]	163	Jessica  Polka	Conclusion_removed_1	
[1467]	164	Jessica  Polka		reconciled
[1468]	164	Mate  Palfy		I  struggled  a  lot  with  this  abstract-almost  every  sentence  is  changed,  but  to  me  it  wasn’t  clear  whether  the  overall  conclusion  drastically  changed…  
[1469]	164	Jessica  Polka	Context_added_1+  	
[1470]	164	Mate  Palfy	Context_added_1+  	might  not  be  necessary  to  annotate,  method  has  been  made  clearer  here
[1471]	164	Mate  Palfy	Results_added_1+    	
[1472]	164	Dey,  Gautam	Results_added_1    	
[1473]	164	Jessica  Polka	Result_added_1+    	
[1474]	164	jonathon coates	Results_removed_1	
[1475]	164	Jessica  Polka	Results_removed_1	
[1476]	164	Mate  Palfy	Results_nounchange_1+  	
[1477]	164	Dey,  Gautam	Results_added_1  	
[1478]	164	Jessica  Polka	Results_removed_1	
[1479]	164	Jessica  Polka		oogenesis/fertility  is  the  same
[1480]	164	Mate  Palfy		In  vivo  function  is  specified  as  ‘oogenesis’  but  I  don’t  think  I’d  annotate  this
[1481]	164	Jessica  Polka		rearranged  from  above
[1482]	164	Jessica  Polka	Conclusion_removed_1	
[1483]	164	Jessica  Polka	Conclusion_removed_2  	
[1484]	164	jonathon coates	Conclusion_removed_1	
[1485]	164	Mate  Palfy	Conclusions_removed_1   	
[1486]	164	Jessica  Polka	Conclusions_removed_2  	above  it  does  say  that  “pointed  ends  are  retained”  but  it’s  not  as  clear  that  Spire  is  directly  binding  those
[1487]	164	Dey,  Gautam	Conclusion_nounchange_1     	
[1488]	165	Mate  Palfy	Context_added  	
[1489]	166	Jessica  Polka	Results_nounchange_1-	more  specific
[1490]	166	Mate  Palfy		results_nounchange
[1491]	167	Dey,  Gautam	Context_added_1  	
[1492]	167	Jessica  Polka	Context_added_1  	
[1493]	167	Jessica  Polka		rearrangement
[1494]	167	Dey,  Gautam		just  moved  around
[1495]	167	Jessica  Polka	Context_added_1+    	
[1496]	167	Mate  Palfy	Context_added_1+  	I  scored  this  as  context  instead  of  conclusion  as  a  speculation  was  added
[1497]	167	Dey,  Gautam	Conclusion_added_1  	
[1498]	168	Jessica  Polka		reconciled
[1499]	168	Dey,  Gautam	Context_nounchange_1  	
[1500]	168	Mate  Palfy	Results_statinfo_1	
[1501]	168	Mate  Palfy	Resuts_removed_1	
[1502]	168	Jessica  Polka	Results_removed_1-	time  element  deemphasized
[1503]	168	Mate  Palfy	Results_added_1+  	vague  statement  made  more  precise:  “TF  diversity  constrained  by  regulatory  roles”  ->  “TFs  of  large  regulons  more  conserved”    
[1504]	168	Mate  Palfy	Results_added_1+  	result  changing  from  “an  excess  of  beneficial  mutations  in  TFs”  to  “higher  mutation  frequency  in  TFs”    
[1505]	168	Dey,  Gautam	Results_effect+_2  	
[1506]	168	Dey,  Gautam	Results_added_2  	much  longer  evolution  60000  vs  10000  totally  changed  the  outcome??
[1507]	168	Jessica  Polka	Results_added_1+    	
[1508]	168	Mate  Palfy		I  would  not  annotate  this  as  it  is  just  a  large  rephrasing  of  describing  the  results,  including  changes  in  what  number  they  report  i.e  total  number  of  generations  in  experiment  vs.  until  how  many  generations  burst  in  mutations  lasts
[1509]	168	jonathon coates	Results_effectreverse_2  	
[1510]	169	Dey,  Gautam		no  significant  changes
[1511]	169	jonathon coates	Results_added_1+  	
[1512]	169	Mate  Palfy	Conclusions_added_1+  	
[1513]	171	Jessica  Polka		rearranged
[1514]	171	jonathon coates	Results_stat-_1	
[1515]	171	Mate  Palfy	Conclusion_removed_1    	
[1516]	171	Jessica  Polka	Conclusions_removed_1	
[1517]	171	Dey,  Gautam	Results_added_1  	
[1518]	171	Mate  Palfy		didn’t  annotate  as  conclusions_removed  as  this  sentence  is  not  needed  in  the  abstract
[1519]	171	Jessica  Polka	Conclusions_removed_1    	
[1520]	171	Jessica  Polka	Conclusions_stat-_1	
[1521]	171	Mate  Palfy	Conclusions_added_1	
[1522]	171	Dey,  Gautam	Conclusions_effect-_1  	
[1523]	173	Jessica  Polka		reconciled
[1524]	173	Jessica  Polka	Context_removed_1	
[1525]	173	Jessica  Polka		rearrangement
[1526]	173	Jessica  Polka		rearrangement
[1527]	173	Mate  Palfy	Context_added_1+  	I  annotated  context  because  it  relates  to  Methods
[1528]	173	Jessica  Polka	Context_added_1+  	
[1529]	173	Mate  Palfy	Results_nounchange_1+  	type  of  genes  has  changed,  wasn’t  sure  how  to  annotate  removal  of  gene  type  and  addition  of  gene  type
[1530]	173	Jessica  Polka	Results_nounchange_1+  	suggests  a  larger  subset  of  genes  was  looked  at
[1531]	173	Jessica  Polka	Resuls_removed_1	
[1532]	173	Mate  Palfy	Results_removed_1	
[1533]	173	Jessica  Polka		clarity
[1534]	173	Jessica  Polka	Results_stat-_1-	complete  ->  highly  effective
[1535]	173	jonathon coates	Conclusion_stat-_1	
[1536]	173	Dey,  Gautam	Results_nounchange_1  	
[1537]	173	Mate  Palfy		hesitant  to  annotate  as  conlusions_added  because  this  sentence  doesn’t  really  add  anything
[1538]	173	Jessica  Polka	Conclusions_added_1  	reconciled
[1539]	173	Dey,  Gautam	Conclusion_added_1    	
[1540]	174	Dey,  Gautam		no  significant  changes
[1541]	174	Jessica  Polka		rearrangement
[1542]	174	Jessica  Polka	Context_added_1+  	
[1543]	174	jonathon coates	Results_effect-_1	
[1544]	174	jonathon coates	1:29:00  PM  8/5/2020  12:53:00  PM  	
[1545]	174	Mate  Palfy	Context  _added_1+  	annotated  this  as  context  because  it  relates  to  methods
[1546]	174	Mate  Palfy	Results_added_1+     	
[1547]	177	Jessica  Polka	Results_added_1+  	
[1548]	177	Jessica  Polka	Results_added_1+  	
[1549]	177	Jessica  Polka		release  implied  by  binding  dynamics
[1550]	177	Mate  Palfy		‘binding  dynamics’  has  been  changed  to  ‘binding  and  release’  to  make  it  more  clear,  but  I  didn’t  score  this  as  a  real  change
[1551]	177	Dey,  Gautam	Results_nounchange_1    	
[1552]	177	Jessica  Polka	Context_removed_1  	
[1553]	177	Mate  Palfy	Conclusion_removed_1  	 could  also  be  scored  as  ‘context’
[1554]	180	Jessica  Polka		reconciled
[1555]	180	Mate  Palfy		Massive  change
[1556]	180	Dey,  Gautam	Context_effect-_1  	
[1557]	180	Jessica  Polka	Conclusion_removed_2  	new  abstract  implies  some  of  this  was  already  known
[1558]	180	Dey,  Gautam	Context_added_1    	
[1559]	180	Mate  Palfy	Context_added_1+    	
[1560]	180	Jessica  Polka	Context_added_1    	
[1561]	180	Mate  Palfy	Results_statinfo_1+  	reduction  in  GPP  was  stated  in  preprint  abstract  already
[1562]	180	Mate  Palfy	Results_statinfo_1+    	
[1563]	180	Mate  Palfy	Results_statinfo_1+     	
[1564]	180	Dey,  Gautam	Results_added_1  	
[1565]	180	Mate  Palfy	Results_added_1+  	
[1566]	180	Jessica  Polka	Results_removed_3  	
[1567]	180	Dey,  Gautam	Results_stat-_1  	
[1568]	180	jonathon coates	Results_effect-_1	
[1569]	180	Jessica  Polka	Results_added_3  	
[1570]	180	Mate  Palfy	Results_effectreverse_3  	
[1571]	180	Mate  Palfy	Conclusions_removed_1	
[1572]	181	Dey,  Gautam		no  significant  changes
[1573]	181	Mate  Palfy		this  is  just  clarifying  what  ‘expression’  refers  to,  so  didn’t  mark  it  as  change
[1574]	181	Jessica  Polka	Results_nounchange_1   	
[1575]	183	Mate  Palfy	No  significant  change  	
[1576]	183	Mate  Palfy	Context_added  	
[1577]	183	Dey,  Gautam	Context_nounchange_1  	
[1578]	184	Dey,  Gautam		no  significant  changes
[1579]	184	Jessica  Polka	Result_added_1+  	DSBs  follow  from  SSBs
[1580]	184	Jessica  Polka	Result_added_1+  	
[1581]	184	Mate  Palfy	Results_added_1+  	
