"id";"preprint_doi";"review_doi";"review_platform";"review_url";"review_date";"review_author";"review_category"
"4815";"10.1101/2020.02.21.20026179";;"PubPeer";"https://pubpeer.com/publications/9AAE3FA9D0F435C08543BB634236BA";"2020-04-02";;
"4817";"10.1101/2020.03.22.20040758";;"PubPeer";"https://pubpeer.com/publications/71E74AD5896DCF99981A47917DE097";"2020-04-01";;
"4819";"10.1101/2020.03.27.20043752";;"PubPeer";"https://pubpeer.com/publications/D4AF74B7A9FCCCF5FE422EB50F2470";"2020-04-01";;
"4821";"10.1101/2020.03.16.20037135";;"PubPeer";"https://pubpeer.com/publications/B4044A446F35DF81789F6F20F8E0EE";"2020-04-01";;
"4823";"10.1101/2020.03.17.20037432";;"PubPeer";"https://pubpeer.com/publications/9C9A1AA1343F05CB5458B573C3694B";"2020-03-31";;
"4825";"10.1101/2020.03.24.20042291";;"PubPeer";"https://pubpeer.com/publications/868F9FDD735B1EF62FE3B05616148F";"2020-03-31";;
"4827";"10.1101/2020.03.14.988345";;"PubPeer";"https://pubpeer.com/publications/6997E99EE8EA3ABA992F4BC0EACC46";"2020-03-31";;
"4829";"10.1101/2020.03.19.20034447";;"PubPeer";"https://pubpeer.com/publications/E574EC22F8E7401BBFA0E14B501AEB";"2020-03-26";;
"4831";"10.1101/2020.03.21.20040691";;"PubPeer";"https://pubpeer.com/publications/F08DDB42A5AC4FEBE7D368076888AF";"2020-03-25";;
"4833";"10.1101/2020.03.05.976167";;"PubPeer";"https://pubpeer.com/publications/D0F1A1889FBDDD95AA32BFF355B873";"2020-03-22";;
"4835";"10.1101/2020.03.11.20031096";;"PubPeer";"https://pubpeer.com/publications/0215DA098A2D53369DE802315C6F2E";"2020-03-19";;
"4837";"10.1101/2020.02.29.20029439";;"PubPeer";"https://pubpeer.com/publications/868A681EA6070DD6520C9899D64715";"2020-03-17";;
"4839";"10.1101/2020.02.25.964775";;"PubPeer";"https://pubpeer.com/publications/DFBA31A808005D1EACC045C496D4CF";"2020-03-17";;
"4841";"10.1101/2020.02.22.20026500";;"PubPeer";"https://pubpeer.com/publications/290502C6A2691C8E79082955211C9F";"2020-03-17";;
"4847";"10.1101/2020.02.29.20029520";;"PubPeer";"https://pubpeer.com/publications/B39BCB2145DD4038BB6D4216ABFC7C";"2020-03-10";;
"4883";"10.1101/2020.03.22.002386";;"preLights";"/highlights/a-sars-cov-2-human-protein-protein-interaction-map-reveals-drug-targets-and-potential-drug-repurposing/";"2020-04-09";"Robert Mahen";"systems biology"
"4923";"10.1101/2020.04.07.20056424";;"PubPeer";"https://pubpeer.com/publications/58DB1B0295C425BFDC0DAB54A36DC0";"2020-04-14";;
"4927";"10.1101/2020.04.07.024752";;"PubPeer";"https://pubpeer.com/publications/05B5938DA3B596B92B9BAA857F4CD0";"2020-04-12";;
"4929";"10.1101/2020.04.05.20054502";;"PubPeer";"https://pubpeer.com/publications/E453D085DEFA5E09F12F9FAE891971";"2020-04-09";;
"4931";"10.1101/2020.03.31.018556";;"PubPeer";"https://pubpeer.com/publications/12C0F030E3881EE7417D30656898FC";"2020-04-07";;
"4933";"10.1101/2020.03.24.20042937";;"PubPeer";"https://pubpeer.com/publications/4DF49FA2E01279E61AD8252E60F056";"2020-04-05";;
"4935";"10.1101/2020.03.29.20044461";;"PubPeer";"https://pubpeer.com/publications/C49AE199167413A56E5D74C4F73B33";"2020-04-02";;
"4945";"10.1101/2020.04.10.20060558";;"PubPeer";"https://pubpeer.com/publications/C4637CE5485BC9935137B01EDC87E6";"2020-04-27";;
"4947";"10.1101/2020.04.01.021196";;"PubPeer";"https://pubpeer.com/publications/17DEEC2EAFD50995C0BB583E1317CD";"2020-04-25";;
"4949";"10.1101/2020.04.14.20062463";;"PubPeer";"https://pubpeer.com/publications/F52A228EC076E92F634FC07BEC3264";"2020-04-22";;
"4951";"10.1101/2020.04.10.20060699";;"PubPeer";"https://pubpeer.com/publications/0183029D636A175CBB340085DD5A4D";"2020-04-21";;
"4953";"10.1101/2020.03.15.20036707";;"PubPeer";"https://pubpeer.com/publications/F60FAC0936CC4F45D415E791786AFE";"2020-04-21";;
"4955";"10.1101/2020.04.17.20053157";;"PubPeer";"https://pubpeer.com/publications/DB1658D71BD826B23895D796F49D43";"2020-04-20";;
"4969";"10.1101/2020.04.25.060947";;"preLights";"/highlights/minerva-a-facile-strategy-for-sars-cov-2-whole-genome-deep-sequencing-of-clinical-samples/";"2020-04-28";"Yasmin Lau";"molecular biology"
